user_id;user_market;frequency;newsletter_subscribed;dress_leisure;dress_work;fit_top;fit_bottom;body_shape;eyes;hair;size_top;size_bottom;size_footwear;size_bra;size_cup;height;weight;adventurous;prices;job;date_birth;age;is_mother;style_1;style_2
daa1768a80784e0aaae198ca71ed768b;UK;on-demand;1;street;casual;fitted;straight;rectangle;blue;blonde;S;S;39.0;85.0;C;170.18;65.38;4.0;60-100;health;1992-09-04;31.0;False;boho;evening
692d37f4e76641cea9f6293ef85eb85e;FR;on-demand;0;classic;classic;loose;fitted;hourglass;green;chestnut-brown;L;M;38.0;105.0;E;160.0;70.0;3.0;30-60;education;1994-02-25;30.0;True;classic;evening
2865d6f649444c40953daf903f68ae69;FR;on-demand;0;casual;casual;loose;fitted;oval;green;chestnut-brown;L;M;38.0;95.0;D;162.0;65.0;3.0;30-60;other;1984-03-16;40.0;True;evening;boho
4279194d644b4538af60a71de38fb707;BELUX;on-demand;0;street;casual;loose;straight;oval;dark-brown;chestnut-brown;XXL;XL;37.0;100.0;D;160.0;84.0;4.0;30-60;administration;1978-11-02;45.0;True;casual;street
50ad4b427e59412d930edbe4af80c32c;FR;on-demand;0;casual;classic;loose;straight;diamond;green;chestnut-brown;L;L;37.0;95.0;D;154.0;60.0;;60-100;health;1974-11-09;49.0;True;minimalist;
cf5889a744cd48de85ea2e59561e1774;ES;on-demand;1;casual;classic;fitted;fitted;triangle;dark-brown;chestnut-brown;S;S;36.0;90.0;B;165.0;55.0;4.0;60-100;health;1996-04-12;28.0;False;boho;casual
9b576d0073f44b3a9c2ef1ed31bd820a;ES;bimonthly;0;casual;street;loose;straight;rectangle;green;grey-platinum;3XL;4XL;41.0;95.0;D;156.0;89.5;2.0;60-100;hospitality;1970-07-15;54.0;False;street;casual
040e1e30c9ed4248bc9799a707e36d60;FR;on-demand;0;street;casual;straight;straight;hourglass;hazel;chocolate-brown;M;M;38.0;90.0;C;165.0;62.0;5.0;100+;hospitality;1982-11-12;41.0;True;street;evening
1de9ea6670d34a1f8735df5ef7697fb9;FR;bimonthly;0;street;street;fitted;straight;triangle;dark-brown;red;L;XL;38.0;95.0;D;158.0;88.0;3.0;30-60;administration;1980-07-03;44.0;True;evening;street
19322fed157c49c6b16e2d5cabeb9592;FR;on-demand;0;street;casual;straight;fitted;rectangle;blue;chestnut-brown;L;L;37.0;95.0;C;161.0;64.0;3.0;60-100;administration;1977-04-18;47.0;True;street;boho
d868c2cf1d4a4b12b6a20bb02edf0743;BELUX;monthly;0;classic;classic;loose;loose;rectangle;green;blonde;XL;XL;40.0;90.0;B;172.0;75.0;1.0;100+;agriculture;1966-09-25;57.0;;classic;minimalist
08f0ebd4950c4dd98e97b5bdf073eed1;FR;on-demand;0;femenine;femenine;fitted;fitted;hourglass;dark-brown;blonde;XS;XS;37.0;85.0;C;162.0;48.0;5.0;30-60;administration;1985-09-12;38.0;True;boho;street
7bf78a4d9f8f4ffba5f80a0a58994953;DE;quarterly;0;street;street;straight;fitted;hourglass;dark-brown;chestnut-brown;M;M;37.0;95.0;C;156.0;56.0;3.0;30-60;health;1986-12-03;37.0;True;boho;evening
aad1426810874756bff4bb8cf703c9ff;FR;on-demand;1;femenine;femenine;loose;straight;inverted-triangle;hazel;black;S;S;37.0;95.0;B;163.0;55.0;3.0;100+;education;1981-05-04;43.0;True;boho;evening
175e994126074d5fb6ab14759da618fd;FR;on-demand;0;casual;classic;fitted;straight;oval;dark-brown;chestnut-brown;L;L;37.0;;;158.0;68.0;3.0;30-60;administration;1973-05-18;51.0;True;street;boho
e16682717c9b4fae80ca17b703be0e66;FR;on-demand;0;street;street;fitted;straight;oval;hazel;chestnut-brown;3XL;4XL;41.0;105.0;C;177.0;115.0;4.0;30-60;administration;1976-07-09;48.0;False;casual;minimalist
f149f542e935487097346b4501eaf614;ES;monthly;0;street;street;loose;fitted;diamond;dark-brown;blonde;L;L;39.0;105.0;;170.0;65.0;2.0;60-100;administration;1971-07-03;53.0;True;evening;casual
04762a223c9f40c99ac96628c4381836;UK;on-demand;0;casual;casual;loose;fitted;oval;hazel;chocolate-brown;XXL;XXL;40.0;100.0;D;180.34;89.89;3.0;30-60;public-sector;1981-08-26;42.0;True;casual;evening
9388ca133b884b0788d130a0285a6a78;FR;bimonthly;0;street;casual;fitted;straight;rectangle;green;red;S;S;36.0;90.0;A;166.0;56.0;3.0;60-100;education;1977-11-03;46.0;True;evening;street
e2a7cd6eb6b6465aa191c232a57e5e4f;IT;quarterly;0;casual;classic;fitted;loose;rectangle;hazel;chocolate-brown;XL;XL;;95.0;B;172.0;66.0;5.0;30-60;technology;1977-01-26;47.0;True;boho;street
34ce0fec8b394160a0d018c05a95c2ee;FR;on-demand;0;femenine;femenine;straight;straight;oval;hazel;chestnut-brown;XL;3XL;40.0;100.0;C;165.0;88.0;4.0;30-60;other;1992-09-22;31.0;False;street;evening
1072400baea949c6a8d16ddcce3ef6cd;UK;quarterly;0;casual;street;fitted;fitted;triangle;blue;blonde;L;XL;38.0;100.0;C;160.02;66.74;3.0;30-60;education;1975-08-29;48.0;True;street;casual
06325ab871bb4ec6ab00c7ca6e1ae030;DE;on-demand;0;classic;street;loose;fitted;oval;blue;blonde;L;L;39.0;95.0;D;158.0;70.0;2.0;30-60;education;1972-09-19;51.0;True;street;casual
6da2e572601d4b27a5991680248ec4a1;UK;on-demand;1;casual;street;loose;fitted;oval;blue;blonde;XL;XL;40.0;;;172.72;77.63;5.0;30-60;homemaker;1976-04-10;48.0;True;casual;minimalist
2e3af70280454d38981b2b7bccb7fc9f;FR;bimonthly;0;street;street;loose;straight;oval;green;chestnut-brown;L;L;39.0;100.0;C;169.0;74.0;3.0;60-100;health;1978-07-20;46.0;True;casual;street
11b618a2c7a74b47a784a9048cc4d8cc;FR;on-demand;1;casual;classic;loose;loose;oval;hazel;grey-platinum;XXL;XXL;38.0;90.0;D;160.0;70.0;5.0;60-100;other;1960-10-12;63.0;True;evening;
73b3097984b44ffb84f4461bd14559d4;DE;on-demand;1;classic;classic;straight;straight;hourglass;blue;blonde;M;M;40.0;95.0;B;174.0;62.0;4.0;100+;executive;1973-01-12;51.0;True;street;minimalist
d38cd22f3e9048c390ff64251220ed66;FR;bimonthly;0;femenine;femenine;fitted;straight;diamond;hazel;chestnut-brown;XS;S;37.0;90.0;A;157.0;55.0;3.0;60-100;administration;1978-04-18;46.0;True;boho;street
06af980ac524452e8eb3b0614d80457d;UK;on-demand;1;street;femenine;fitted;straight;inverted-triangle;green;chestnut-brown;XL;L;39.0;95.0;D;160.02;60.38;4.0;60-100;other;1956-10-26;67.0;False;street;
4d7f58e7b1474b20bccc3d25f4e76ea7;FR;on-demand;0;casual;street;loose;straight;rectangle;grey;chestnut-brown;4XL;3XL;39.0;100.0;C;156.0;92.0;2.0;30-60;administration;1978-06-29;46.0;True;casual;
c85d045cc78d4562a1344f617c468bcb;IT;on-demand;0;classic;street;straight;straight;oval;green;blonde;XL;XL;40.0;100.0;;180.0;80.0;3.0;30-60;other;1967-04-04;57.0;True;casual;classic
10263fecb7aa40d3a27b5723b7dc1dc9;FR;on-demand;0;casual;classic;fitted;fitted;hourglass;hazel;chocolate-brown;M;L;39.0;90.0;E;167.0;79.0;4.0;60-100;administration;1973-05-02;51.0;False;classic;
f7063d8c53c848d3835e1550d5181223;DE;on-demand;1;street;casual;fitted;loose;hourglass;green;chestnut-brown;M;L;41.0;100.0;C;183.0;88.0;3.0;60-100;health;1987-05-16;37.0;False;evening;casual
fb70a1c7ebe747048b9001e7f57de19d;FR;monthly;0;classic;classic;straight;straight;oval;hazel;blonde;3XL;3XL;39.0;105.0;D;160.0;83.0;4.0;100+;executive;1962-07-06;62.0;True;minimalist;classic
c3a671c462dc4c669027b9ad0a831788;DE;on-demand;0;classic;casual;loose;straight;rectangle;blue;chestnut-brown;XXL;XXL;41.0;110.0;C;169.0;80.0;3.0;30-60;health;1965-08-25;58.0;True;classic;boho
7442a1244e2e4761aba601ca242780aa;ES;bimonthly;0;classic;classic;loose;fitted;diamond;dark-brown;black;XL;XXL;40.0;100.0;C;164.0;72.0;4.0;60-100;public-sector;1960-11-06;63.0;True;casual;minimalist
2ac7e1da60994795a8486261790b2f7c;ES;quarterly;1;street;classic;straight;loose;oval;amber;chestnut-brown;XXL;XXL;41.0;100.0;F;175.0;94.0;3.0;30-60;other;1978-09-27;45.0;True;street;casual
95365d68577a496ebef077e0597ee18b;FR;on-demand;1;street;street;fitted;straight;hourglass;dark-brown;black;S;S;36.0;90.0;A;153.0;48.0;2.0;30-60;industry;1985-09-11;38.0;True;minimalist;street
76e99afdd57944c98777b54b2790ae2c;FR;bimonthly;0;femenine;classic;loose;loose;diamond;blue;blonde;3XL;3XL;38.0;105.0;E;163.0;104.0;5.0;60-100;health;1971-12-29;52.0;;street;evening
d8fba355f46841018cdead2e2791eef8;IT;on-demand;0;street;casual;straight;fitted;oval;green;chocolate-brown;XL;XL;36.0;115.0;C;160.0;70.0;3.0;30-60;other;1975-02-15;49.0;False;street;evening
879951fff4f941a89c63373ac55ef186;FR;on-demand;0;casual;classic;loose;straight;oval;green;chestnut-brown;XL;XL;37.0;100.0;C;167.0;85.0;3.0;30-60;administration;1980-08-21;44.0;True;classic;casual
6a94427d2f844a0f87154f271fb661b4;FR;on-demand;0;casual;street;loose;straight;rectangle;green;chocolate-brown;XL;XL;40.0;95.0;C;171.0;86.0;2.0;30-60;education;1986-10-27;37.0;True;boho;casual
83d9fca716c44a33acd51e6699f9823c;FR;bimonthly;0;street;street;fitted;straight;rectangle;green;blonde;S;S;38.0;85.0;A;157.0;52.0;5.0;60-100;other;1982-05-09;42.0;True;street;casual
84eb1e73c7f348a0bbc9a6e0708963bb;DE;on-demand;0;femenine;femenine;loose;fitted;rectangle;amber;chocolate-brown;L;L;40.0;100.0;D;168.0;75.0;4.0;30-60;health;1981-12-18;42.0;True;evening;minimalist
0b9ab36679d64edbb7d6a830d103b91f;FR;on-demand;0;casual;street;straight;straight;triangle;dark-brown;black;XXL;XXL;38.0;105.0;F;168.0;84.0;2.0;30-60;education;1982-10-12;41.0;True;casual;minimalist
d30aad4b45034e228bc4621b94398520;FR;monthly;0;street;casual;loose;loose;hourglass;green;black;M;M;38.0;90.0;E;160.0;58.0;2.0;30-60;executive;1982-08-16;42.0;True;street;
37106d208ead41c89348486129fc1d9d;DE;on-demand;0;street;casual;straight;loose;oval;grey;blonde;XXL;3XL;41.0;110.0;C;177.0;95.0;2.0;60-100;education;1966-02-06;58.0;True;street;classic
33354fc7eefa4f23a7cda6c23fc86ee6;FR;bimonthly;0;casual;street;straight;straight;oval;dark-brown;chestnut-brown;3XL;XXL;39.0;100.0;D;162.0;80.0;5.0;60-100;health;1969-06-02;55.0;True;casual;street
7f1ff9fe966844aa938411eb0dde6d08;DE;on-demand;0;street;casual;fitted;fitted;hourglass;hazel;blonde;XS;XS;37.0;85.0;C;165.0;60.0;1.0;60-100;executive;1983-07-28;41.0;True;street;minimalist
4669165f4bb14d02b01861c0d092e07f;FR;monthly;0;classic;casual;fitted;fitted;oval;dark-brown;black;L;XL;38.0;110.0;E;170.0;87.0;3.0;30-60;administration;1978-10-27;45.0;True;street;casual
121213ca821247c6b1048aa604f0d0f2;FR;monthly;0;street;casual;straight;straight;oval;blue;chestnut-brown;3XL;4XL;40.0;100.0;C;170.0;86.0;3.0;30-60;homemaker;1962-03-19;62.0;;classic;minimalist
458c3cdb2d664a7b8a4adb41ce779a93;IT;on-demand;0;street;casual;fitted;fitted;triangle;blue;chocolate-brown;M;M;38.0;90.0;C;168.0;55.0;4.0;30-60;fashion;1984-11-08;39.0;False;street;casual
443658625af043e099a54a0d7b25331f;FR;bimonthly;0;street;casual;straight;straight;oval;dark-brown;red;4XL;4XL;40.0;110.0;F;165.0;100.0;3.0;60-100;education;1976-02-14;48.0;True;street;boho
118dc10e774540d7a98d7c358a84c15c;UK;bimonthly;0;casual;femenine;fitted;loose;rectangle;blue;blonde;L;L;40.0;90.0;C;170.18;68.1;5.0;30-60;administration;1974-05-21;50.0;True;boho;street
aa58695187b84518a065e3eb74113cb0;FR;bimonthly;0;street;street;fitted;straight;rectangle;hazel;chestnut-brown;XL;XL;41.0;100.0;D;175.0;76.0;5.0;30-60;administration;1977-10-29;46.0;True;street;casual
2b833e28e1ae4a00984c6df8d13d74f3;FR;on-demand;0;street;street;straight;fitted;diamond;blue;black;XL;XL;40.0;100.0;C;163.0;73.0;3.0;30-60;education;1972-03-17;52.0;True;minimalist;street
4d6bfd8fa5064fc59025dbe58e725d57;DE;on-demand;1;classic;casual;straight;fitted;hourglass;grey;blonde;XL;XL;39.0;95.0;C;170.0;80.0;3.0;60-100;executive;1974-02-08;50.0;True;street;classic
a99226f446db4bc4aa8f69260a228ba8;FR;on-demand;0;femenine;classic;loose;straight;triangle;green;blonde;L;XL;39.0;100.0;C;171.0;80.0;3.0;30-60;health;1974-11-26;49.0;True;street;boho
dec4ac4678884a7aaed66a5ac86b7f7f;ES;on-demand;0;street;street;straight;fitted;rectangle;dark-brown;red;L;M;39.0;95.0;C;170.0;62.0;2.0;30-60;education;1965-05-20;59.0;True;minimalist;evening
b5c36ec124ce41e19560eaba017ad051;FR;on-demand;0;street;femenine;fitted;loose;oval;hazel;chocolate-brown;L;XL;39.0;100.0;E;168.0;72.0;4.0;60-100;executive;1990-03-04;34.0;False;boho;street
58a295d4eff34b6186f1e77124ed49b1;FR;on-demand;0;street;casual;loose;fitted;triangle;hazel;chocolate-brown;XS;S;36.0;85.0;A;158.0;48.0;5.0;30-60;executive;1981-10-21;42.0;True;street;
c102e9003fef47e3b13f93483af3f62d;FR;on-demand;1;casual;classic;loose;straight;oval;green;black;4XL;3XL;41.0;;;163.0;97.0;2.0;30-60;homemaker;1974-08-28;49.0;True;minimalist;boho
3c851f9b70b5438691109dc05cf8c66c;DE;monthly;0;classic;femenine;straight;loose;hourglass;green;chestnut-brown;3XL;3XL;42.0;110.0;C;168.0;110.0;3.0;60-100;executive;1986-02-27;38.0;True;boho;
e1d6805d58a649bbb45fcbeb84b83b91;FR;monthly;0;femenine;femenine;straight;fitted;oval;green;black;XL;L;37.0;100.0;E;162.0;73.0;2.0;30-60;administration;1971-04-26;53.0;False;minimalist;evening
faa0df51251647e786311dc98fb72d4c;ES;on-demand;0;casual;classic;fitted;fitted;diamond;green;chestnut-brown;M;L;38.0;85.0;C;159.0;63.5;1.0;30-60;administration;1973-03-26;51.0;True;street;boho
8a67f88d7d0d403b9802225d4d274cd8;ES;monthly;0;casual;casual;fitted;straight;hourglass;green;chocolate-brown;S;L;;90.0;;162.0;55.0;3.0;30-60;health;1975-09-19;48.0;;minimalist;street
007942c9adf94a6fa9c561ef9e3c7d6e;FR;on-demand;0;street;casual;loose;fitted;oval;blue;blonde;S;S;36.0;;;156.0;58.0;3.0;30-60;health;1977-01-31;47.0;True;casual;
337a41a337c64f41bb9969ac64e1857b;FR;monthly;0;femenine;classic;loose;loose;hourglass;hazel;chestnut-brown;XL;XL;38.0;90.0;D;170.0;75.0;3.0;100+;other;1978-02-26;46.0;True;street;
707266a4cabf437790e0c2ae2ae1d429;FR;on-demand;0;street;casual;straight;straight;hourglass;dark-brown;chocolate-brown;XL;XL;40.0;100.0;C;170.0;79.0;5.0;60-100;fashion;1981-04-10;43.0;True;street;evening
ada5a6ebb96f4a6a97b5ac4936497740;DE;monthly;0;classic;casual;straight;loose;oval;green;chestnut-brown;4XL;4XL;38.0;105.0;C;162.0;96.0;1.0;100+;executive;1972-05-06;52.0;False;casual;evening
ebc8a6cf256b447485bcae138f78d6aa;FR;on-demand;0;femenine;casual;fitted;fitted;rectangle;blue;blonde;M;M;41.0;90.0;B;170.0;56.0;4.0;60-100;other;1972-04-18;52.0;True;street;boho
c7b68cc2eab84eb79e391095445bde33;ES;bimonthly;0;casual;classic;loose;fitted;rectangle;dark-brown;blonde;L;L;37.0;95.0;C;160.0;70.0;3.0;30-60;administration;1984-06-09;40.0;True;minimalist;
d7c6efdb394044f2a42121a230f99483;DE;on-demand;1;femenine;street;loose;straight;hourglass;blue;chestnut-brown;L;L;39.0;95.0;D;164.0;75.0;3.0;60-100;health;1980-06-18;44.0;True;evening;
2230b2b599e04e8695faa27bcd1c6d88;UK;quarterly;1;street;casual;straight;loose;oval;blue;red;XL;XXL;37.0;;;160.02;64.86;4.0;30-60;homemaker;1976-11-18;47.0;True;casual;street
ecfc4be9230f45cb870ca2d52d540f03;FR;bimonthly;0;street;classic;loose;straight;oval;dark-brown;chestnut-brown;3XL;4XL;40.0;;;165.0;100.0;5.0;30-60;public-sector;1973-01-10;51.0;True;street;
e0916cdf04854e68843f08688da90679;FR;quarterly;0;casual;street;loose;fitted;triangle;blue;blonde;XXL;XXL;40.0;90.0;B;180.0;77.0;3.0;60-100;other;1980-01-10;44.0;False;boho;casual
50c2b6f3df334dbf875db4cd78d518ff;FR;on-demand;0;street;casual;loose;fitted;oval;dark-brown;black;3XL;XXL;38.0;;;165.0;85.0;2.0;60-100;fashion;1986-07-03;38.0;True;street;
f99d5291d49c4356a12b7c40d0d862ba;DE;on-demand;0;casual;casual;loose;loose;oval;dark-brown;red;XXL;XXL;42.0;105.0;D;178.0;94.0;2.0;30-60;administration;1963-05-15;61.0;True;classic;casual
be25f2ccdc1d45d7ae534c59f3035664;UK;monthly;0;classic;femenine;fitted;straight;triangle;dark-brown;black;XS;S;40.0;90.0;B;160.02;56.75;3.0;30-60;executive;1990-10-01;33.0;False;casual;minimalist
27fad683d35743c184432ae1111adeff;FR;on-demand;0;femenine;casual;straight;straight;oval;hazel;blonde;L;XL;38.0;;;163.0;74.0;4.0;30-60;public-sector;1959-08-30;64.0;True;street;boho
fbd67b31d72944609911b0dc27a40502;FR;on-demand;1;street;street;fitted;loose;oval;green;grey-platinum;L;L;37.0;95.0;D;162.0;66.0;2.0;60-100;other;1967-05-17;57.0;False;boho;casual
e50008d80c384144b6d288d4652ea613;FR;on-demand;0;street;casual;fitted;fitted;rectangle;blue;chestnut-brown;L;L;42.0;;;176.0;74.0;5.0;30-60;administration;1980-10-02;43.0;True;street;evening
b33bfa31b3e144eb9bb039fa5868c99b;FR;on-demand;0;femenine;casual;fitted;fitted;hourglass;grey;black;XL;XL;38.0;100.0;D;170.0;83.0;3.0;30-60;fashion;1982-10-25;41.0;False;evening;street
c9782a58cb2647a592d037e4b85a4eab;FR;on-demand;0;street;casual;fitted;fitted;triangle;dark-brown;chestnut-brown;S;M;38.0;85.0;B;158.0;51.0;5.0;100+;administration;1963-05-29;61.0;True;street;evening
d72f9ecdd45441e89a644d9287a0eabf;FR;on-demand;1;street;casual;straight;straight;rectangle;green;red;L;L;37.0;95.0;D;162.0;64.0;3.0;30-60;other;1985-12-17;38.0;True;evening;street
14180ee8121e4cc4b87ec0d17259023b;DE;bimonthly;0;casual;femenine;straight;straight;oval;dark-brown;chocolate-brown;XL;XXL;40.0;105.0;B;172.0;87.0;5.0;60-100;health;1969-02-20;55.0;True;casual;boho
949606b3283c4412b6a11b92cf58440c;FR;on-demand;0;classic;casual;straight;loose;rectangle;green;blonde;XXL;XXL;42.0;100.0;C;179.01;95.095;4.0;100+;executive;1972-10-12;51.0;True;evening;minimalist
f0689ae11e954a7d84e145896fa19d46;ES;on-demand;1;casual;classic;fitted;straight;triangle;dark-brown;chocolate-brown;S;M;36.0;85.0;B;157.0;53.0;1.0;100+;executive;1978-10-02;45.0;True;classic;street
d11776a4d15743e0a07741867c362491;IT;on-demand;0;casual;street;straight;loose;oval;hazel;blonde;M;L;38.0;90.0;;170.0;59.0;3.0;30-60;other;1981-06-02;43.0;True;street;casual
31007342a41b457a8166c3fba8094805;UK;on-demand;0;classic;classic;fitted;fitted;rectangle;blue;blonde;XL;L;37.0;95.0;DD;154.94;63.56;1.0;30-60;executive;1973-04-01;51.0;True;casual;classic
f8d07ea044f245a4b1689e5fe87212b0;UK;on-demand;0;street;femenine;loose;fitted;oval;hazel;chestnut-brown;XL;L;37.0;100.0;D;160.02;76.27;4.0;30-60;health;1979-11-18;44.0;True;evening;street
9538f786a6034277aa205cc7f16b57f4;FR;on-demand;0;street;casual;straight;straight;hourglass;hazel;red;XS;XS;37.0;85.0;B;158.0;46.0;3.0;60-100;health;1975-01-07;49.0;True;street;evening
b84ea1bec7c74f309380a865c58d2df6;FR;on-demand;1;casual;street;loose;straight;hourglass;hazel;chocolate-brown;L;XL;40.0;100.0;C;165.0;84.0;3.0;60-100;health;1989-07-30;35.0;True;casual;evening
963c4eb5c1cd45aebfd2e6d184becd5e;FR;monthly;0;classic;classic;loose;straight;oval;green;chestnut-brown;XL;M;36.0;95.0;B;148.0;57.0;3.0;60-100;health;1971-07-15;53.0;True;boho;minimalist
54e70bde6bf54ebdbf2daef26c1f1ba6;IT;quarterly;0;casual;street;loose;loose;hourglass;dark-brown;black;4XL;4XL;39.0;110.0;E;170.0;103.0;1.0;100+;homemaker;1977-09-08;46.0;True;classic;minimalist
6a13323302d5457483642d83aeb83ff5;FR;on-demand;0;casual;classic;loose;straight;oval;amber;chestnut-brown;M;L;36.0;;;154.0;67.0;2.0;60-100;administration;1985-07-30;39.0;True;classic;minimalist
3408d67f95a240e3b3d9ff9f2cb87a7a;FR;on-demand;1;street;casual;loose;loose;triangle;dark-brown;chestnut-brown;XXL;XXL;42.0;95.0;C;180.0;80.0;4.0;30-60;public-sector;1991-09-03;32.0;True;street;minimalist
5a3c8204d01747788f7087574d4142f8;FR;bimonthly;0;femenine;classic;straight;fitted;diamond;amber;chestnut-brown;M;L;39.0;90.0;B;167.0;70.0;1.0;30-60;administration;1986-07-18;38.0;True;evening;classic
f8c1c3a535054031930c999ebc9a0005;ES;quarterly;0;classic;classic;straight;fitted;rectangle;hazel;blonde;L;M;40.0;95.0;B;171.0;63.0;5.0;60-100;public-sector;1966-04-05;58.0;True;minimalist;street
3480251adbd24b62ae57a9865c7b2cec;FR;on-demand;0;casual;femenine;straight;fitted;diamond;green;blonde;M;M;38.0;90.0;B;163.0;56.0;4.0;30-60;executive;1963-01-30;61.0;True;boho;minimalist
0c4e7af8218440eaa383bc6655712a55;UK;on-demand;0;casual;street;fitted;straight;oval;green;blonde;XL;XL;38.0;95.0;F;157.48;76.27;3.0;60-100;other;1966-01-21;58.0;True;evening;classic
cc2c6076d18b4894bc7ff71f8021ef32;FR;on-demand;0;street;classic;loose;straight;triangle;hazel;chestnut-brown;L;XL;41.0;;;172.0;75.0;3.0;30-60;education;1984-06-18;40.0;;boho;casual
caf4a2a11671458394621dc481b81040;UK;on-demand;0;street;femenine;straight;straight;hourglass;green;grey-platinum;XL;XL;40.0;90.0;FF;177.8;72.64;4.0;100+;health;1973-12-21;50.0;True;minimalist;evening
ab11c60e006f4424abc835ab5345e427;DE;quarterly;0;femenine;femenine;fitted;loose;hourglass;dark-brown;chestnut-brown;M;XL;41.0;100.0;B;171.0;73.0;5.0;100+;executive;1985-03-16;39.0;True;evening;minimalist
47b133eef5c44d3eaa4bf216dfd13150;FR;on-demand;1;casual;street;loose;fitted;rectangle;hazel;chestnut-brown;XL;L;41.0;95.0;B;173.0;65.0;3.0;60-100;administration;1972-05-19;52.0;True;evening;street
6bd20911b3d14022a3c1bbce83d9479c;DE;on-demand;0;classic;classic;loose;loose;diamond;dark-brown;grey-platinum;3XL;XXL;42.0;110.0;C;168.0;91.0;2.0;60-100;;1953-02-20;71.0;True;casual;boho
78f190db8c8d4630b36d31e8c5f8a3f2;FR;on-demand;0;casual;casual;straight;loose;diamond;dark-brown;chestnut-brown;M;L;39.0;95.0;B;178.0;77.0;4.0;60-100;other;1976-11-21;47.0;True;minimalist;casual
64357c976eca4ba08a37a0db378f8529;FR;monthly;0;femenine;street;straight;straight;oval;hazel;chestnut-brown;XXL;XL;40.0;;;160.0;74.0;2.0;30-60;health;1980-05-09;44.0;True;classic;evening
251a0926ece34d77aa42ab569fdf9fe2;DE;on-demand;0;casual;street;straight;loose;triangle;green;chestnut-brown;M;L;37.0;95.0;A;156.0;67.0;3.0;60-100;education;1981-08-07;43.0;True;casual;classic
f312c9346d22469db0575eb712b01ad0;DE;on-demand;0;femenine;femenine;straight;fitted;triangle;green;blonde;XL;3XL;42.0;100.0;C;172.0;90.0;4.0;60-100;executive;1985-08-19;39.0;True;minimalist;classic
166e4be7a36643638f923425acb8f4af;IT;quarterly;0;casual;street;loose;straight;oval;dark-brown;chestnut-brown;3XL;XXL;40.0;110.0;C;165.0;85.0;2.0;30-60;health;1980-12-04;43.0;;boho;
ff977125b30b4b98b0604517eecda947;FR;on-demand;0;casual;casual;straight;straight;rectangle;hazel;chestnut-brown;3XL;3XL;42.0;105.0;D;176.0;98.0;4.0;60-100;homemaker;1960-03-10;64.0;True;street;evening
b6bb83ff11db4f308bcae492d7a384ea;FR;on-demand;1;street;street;straight;fitted;oval;hazel;chestnut-brown;L;L;37.0;95.0;B;163.0;62.0;4.0;30-60;public-sector;1973-10-08;50.0;True;street;classic
ea60312b25f547a08ac74fe0c2064f3e;ES;on-demand;1;street;street;loose;fitted;oval;dark-brown;black;4XL;XXL;36.0;115.0;D;160.0;80.0;4.0;60-100;other;1977-02-06;47.0;False;street;minimalist
382a0c2d09ba439a8dabc3ea49400b81;FR;on-demand;0;casual;casual;loose;straight;oval;blue;chestnut-brown;L;L;37.0;90.0;C;159.0;73.0;3.0;60-100;public-sector;1963-05-08;61.0;;minimalist;classic
db44062d41e64c0995c13a7910f44ac0;DE;on-demand;1;street;casual;fitted;fitted;hourglass;green;chestnut-brown;XS;M;37.0;85.0;E;163.0;62.0;4.0;60-100;health;1979-09-07;44.0;False;street;casual
31d17176658a425d99ee50c433af81d9;FR;quarterly;0;casual;street;loose;loose;rectangle;hazel;black;L;L;40.0;90.0;C;168.0;78.0;2.0;30-60;other;1978-04-05;46.0;True;minimalist;street
75a66c1ae32946b4a2ee229ab471b2e6;FR;bimonthly;0;femenine;femenine;fitted;fitted;triangle;green;chestnut-brown;S;M;36.0;85.0;B;162.0;55.0;3.0;30-60;public-sector;1980-05-25;44.0;False;boho;evening
75f93a5ff1ee4dee8e3d69675125ff0f;UK;bimonthly;0;casual;femenine;straight;straight;rectangle;green;chocolate-brown;L;M;37.0;100.0;C;154.94;64.47;4.0;60-100;technology;1965-07-31;59.0;True;minimalist;evening
efb725cd619644f3acb9cf9fd2a570de;FR;bimonthly;0;casual;classic;fitted;fitted;oval;dark-brown;chestnut-brown;3XL;3XL;38.0;100.0;E;176.0;95.0;4.0;30-60;agriculture;1976-02-05;48.0;True;minimalist;classic
e80dcc197fe44416a72ef8a588ca8e3c;IT;bimonthly;0;classic;classic;fitted;straight;inverted-triangle;dark-brown;chocolate-brown;L;M;39.0;95.0;E;175.0;65.0;5.0;60-100;fashion;1967-02-14;57.0;True;casual;boho
db3883e0926d4ad2b3cb068df8307efc;BELUX;bimonthly;0;casual;street;loose;fitted;oval;dark-brown;chestnut-brown;XL;XL;40.0;95.0;B;172.0;76.0;3.0;30-60;administration;1972-10-10;51.0;True;boho;minimalist
2d90a7a069a14dbbb52edb191c8cc6bb;FR;quarterly;0;casual;femenine;loose;fitted;diamond;green;blonde;XL;XL;38.0;95.0;C;170.0;78.0;3.0;60-100;executive;1973-04-06;51.0;True;casual;evening
644219486e6a43ac8ac72a243599ed8c;FR;on-demand;0;street;street;straight;loose;rectangle;blue;chestnut-brown;L;XL;39.0;100.0;D;167.0;71.0;3.0;30-60;education;1974-09-24;49.0;False;street;classic
ec792f501f9846a391185976b2bd8adc;FR;on-demand;1;femenine;classic;straight;straight;rectangle;green;chocolate-brown;L;XL;41.0;100.0;C;172.0;85.0;2.0;30-60;health;1985-09-20;38.0;True;boho;classic
4ac5e7fb052b47d0845e6cef973ef46b;IT;on-demand;0;casual;street;loose;straight;rectangle;dark-brown;chestnut-brown;L;L;38.0;95.0;B;163.0;73.0;1.0;30-60;administration;1980-06-21;44.0;True;classic;casual
78071a504e334857bc1dc4f89049a277;FR;quarterly;0;femenine;classic;straight;straight;oval;hazel;blonde;L;XL;38.0;;;162.0;66.0;2.0;60-100;administration;1966-11-22;57.0;True;minimalist;evening
6b4e2bab652d4d98beb069f9c25dbd51;DE;on-demand;1;casual;street;straight;straight;hourglass;green;chocolate-brown;L;L;39.0;100.0;D;167.0;69.0;4.0;60-100;education;1978-03-15;46.0;True;minimalist;casual
1285e4e59c0d43e4ac921cd9db535f0d;ES;on-demand;0;street;street;straight;straight;oval;hazel;chestnut-brown;M;M;35.0;95.0;D;160.0;60.0;4.0;30-60;administration;1975-04-25;49.0;True;casual;minimalist
976cb84e48004e9ea83da2c37a5bb776;DE;on-demand;0;classic;street;straight;fitted;oval;green;chestnut-brown;L;XXL;40.0;100.0;E;165.0;80.0;4.0;60-100;education;1978-02-23;46.0;True;classic;street
d3e0ed84aecb4ccf97846e536dcd11cc;FR;on-demand;1;casual;classic;straight;straight;hourglass;blue;chestnut-brown;L;XL;38.0;100.0;E;160.0;66.0;1.0;60-100;other;1971-06-13;53.0;False;boho;classic
93e7605daf6d4c5991a6efbb6c0a9bba;ES;on-demand;0;femenine;casual;fitted;fitted;oval;green;chestnut-brown;M;L;38.0;90.0;D;165.0;70.0;3.0;30-60;education;1991-02-01;33.0;False;street;casual
4c256abe36c148a48633acc96016d60e;DE;quarterly;0;classic;classic;straight;loose;hourglass;dark-brown;grey-platinum;L;L;40.0;100.0;C;179.0;75.0;1.0;100+;executive;1968-04-12;56.0;False;minimalist;classic
a0df733e66874211af821d3c7ac6450d;DE;bimonthly;0;street;femenine;fitted;fitted;rectangle;green;chestnut-brown;3XL;XL;41.0;110.0;D;175.0;98.0;2.0;30-60;health;1986-08-31;37.0;False;street;casual
d5a272e5e09f46eb997a86640d709248;FR;on-demand;0;femenine;femenine;fitted;straight;hourglass;blue;blonde;XS;XS;36.0;85.0;B;158.0;46.0;1.0;60-100;education;1981-08-09;43.0;True;classic;boho
b39fe58d1d1d4e49869adcef46d8992e;DE;on-demand;0;street;street;fitted;straight;oval;blue;chestnut-brown;L;XL;38.0;95.0;F;164.0;78.0;3.0;60-100;health;1983-06-06;41.0;True;evening;minimalist
4c6552be651e4ca5baeed6af12c58309;ES;on-demand;0;casual;femenine;straight;fitted;rectangle;dark-brown;chestnut-brown;S;M;35.0;85.0;F;156.0;57.3;3.0;30-60;administration;1981-09-15;42.0;True;street;casual
885b13d2d6b94c44a6c340cdd8cf04ae;ES;bimonthly;0;classic;classic;loose;fitted;rectangle;dark-brown;red;L;XL;39.0;95.0;D;165.0;66.0;3.0;60-100;administration;1960-05-12;64.0;;evening;minimalist
00a074ef4ed348d1a16b2db62a527521;UK;on-demand;0;femenine;femenine;fitted;fitted;rectangle;blue;chocolate-brown;S;XS;39.0;85.0;B;167.64;50.85;3.0;30-60;education;1992-07-18;32.0;True;casual;boho
7d917f7bc6e241a0bb84edf770c837ea;IT;on-demand;0;street;casual;fitted;fitted;hourglass;dark-brown;red;S;S;40.0;95.0;;170.0;53.0;5.0;30-60;health;1980-01-18;44.0;False;classic;boho
58b3098c99b94557a7bcee9f5e993811;FR;monthly;0;street;street;fitted;fitted;oval;hazel;blonde;L;L;38.0;100.0;C;163.0;72.0;3.0;30-60;education;1990-02-21;34.0;True;classic;
472c577042a44dc883ac088d17c6405e;DE;bimonthly;0;street;classic;loose;fitted;oval;blue;black;XL;L;39.0;105.0;B;162.0;83.0;3.0;60-100;executive;1965-10-23;58.0;True;street;evening
65f982359667460c964e5604b75b48a1;FR;on-demand;0;femenine;street;loose;fitted;inverted-triangle;hazel;black;XL;M;38.0;95.0;B;159.0;76.0;3.0;60-100;agriculture;1966-04-18;58.0;True;street;
4df5f4a8ebcb4200a1c09da38998cb80;DE;on-demand;0;street;casual;loose;fitted;oval;blue;blonde;M;M;36.0;95.0;C;156.0;63.0;2.0;60-100;administration;1978-05-19;46.0;True;casual;street
90a01965db9a4092a66ac88a6906ab68;FR;on-demand;0;casual;street;loose;loose;rectangle;hazel;chestnut-brown;4XL;3XL;40.0;115.0;;165.0;87.0;1.0;30-60;homemaker;1974-08-29;49.0;True;minimalist;boho
4650bd73ccf243a58f58612a8227722f;UK;on-demand;1;casual;street;fitted;fitted;oval;grey;chestnut-brown;XL;XL;38.0;100.0;DD;160.02;77.63;5.0;30-60;other;1985-11-13;38.0;True;casual;street
58576cbd075d4c4b8075dbb7acc273fb;NL;bimonthly;0;femenine;street;fitted;loose;triangle;green;chocolate-brown;XL;3XL;37.0;90.0;E;160.0;100.0;1.0;30-60;other;1972-03-10;52.0;True;classic;boho
44ab018f208346c68874c1026143117f;ES;on-demand;0;street;street;straight;fitted;hourglass;dark-brown;chestnut-brown;L;L;41.0;90.0;A;173.0;64.0;3.0;30-60;administration;1978-06-05;46.0;True;boho;street
5e53c2e5b88f4e3c892ac3bde99a7c0d;FR;on-demand;1;casual;street;straight;fitted;rectangle;dark-brown;black;L;L;38.0;105.0;B;156.0;70.0;2.0;30-60;education;1992-05-15;32.0;True;casual;
c20a75b8bf6b4ec4aba8c6a5c96f3f0a;DE;on-demand;1;femenine;femenine;fitted;straight;hourglass;green;chestnut-brown;L;XL;41.0;95.0;E;173.0;82.0;3.0;100+;education;1984-04-21;40.0;False;minimalist;evening
7b31d043f2674335a95c06620b912a6a;FR;on-demand;0;classic;classic;straight;straight;triangle;hazel;chocolate-brown;S;M;37.0;90.0;A;159.5;56.5;2.0;30-60;administration;1982-11-24;41.0;True;boho;classic
833cd4a210324bc38dbde5aa3ac4ea87;DE;on-demand;0;casual;casual;loose;straight;oval;dark-brown;chestnut-brown;4XL;4XL;42.0;120.0;B;176.0;113.0;1.0;60-100;executive;1991-01-17;33.0;False;evening;minimalist
e9e6c08704864b8b84897ecfbae1921b;FR;bimonthly;0;street;casual;loose;fitted;oval;dark-brown;black;3XL;4XL;41.0;100.0;E;175.0;97.0;2.0;60-100;other;1978-04-26;46.0;True;street;boho
49d0e84dc111496bb51fa91f07c9a994;FR;bimonthly;0;casual;street;loose;straight;rectangle;hazel;red;XL;L;38.0;100.0;D;163.0;70.0;4.0;60-100;health;1967-01-11;57.0;True;casual;street
ff074b2584d44ac4ab42611a34c0df18;FR;on-demand;0;femenine;femenine;loose;straight;hourglass;blue;blonde;XL;XXL;40.0;105.0;D;174.0;87.0;4.0;60-100;executive;1975-03-11;49.0;True;classic;boho
901715a354a1452c9543f3e3afa16656;FR;on-demand;0;casual;classic;loose;straight;oval;grey;chestnut-brown;XXL;3XL;40.0;95.0;;182.0;88.0;3.0;60-100;health;1973-02-23;51.0;;casual;minimalist
5f331ded41d44f57bec8e662d2fabde3;DE;on-demand;0;classic;casual;straight;straight;oval;blue;chocolate-brown;XL;XXL;42.0;100.0;;172.0;89.0;3.0;60-100;administration;1985-07-31;39.0;True;evening;minimalist
e363bad923d84263aa84727e10b07891;FR;bimonthly;0;street;classic;fitted;straight;oval;green;blonde;S;M;37.0;85.0;B;162.0;58.0;3.0;60-100;fashion;1976-03-30;48.0;True;classic;street
79cf0607cb474aacb81184f95ddbb589;FR;on-demand;0;casual;street;straight;fitted;oval;hazel;chocolate-brown;L;L;38.0;100.0;B;158.0;63.0;4.0;100+;other;1968-08-20;56.0;True;minimalist;casual
06e3acb31a8c4af88ca2da50a9241885;FR;bimonthly;0;casual;street;fitted;fitted;rectangle;green;chestnut-brown;S;L;39.0;;;160.0;59.0;2.0;60-100;administration;1981-09-25;42.0;True;casual;classic
82a1282e56f24510b43969949a2a05dc;UK;on-demand;0;street;classic;fitted;fitted;triangle;hazel;chocolate-brown;S;M;38.0;85.0;C;165.1;63.11;5.0;60-100;administration;1988-01-23;36.0;False;street;evening
073e4d07a8eb4bd6b9740d27ab1665d7;IT;on-demand;0;casual;street;loose;loose;inverted-triangle;hazel;red;M;L;38.0;95.0;B;173.0;63.0;5.0;30-60;other;1980-02-10;44.0;False;casual;boho
c0c16b36c0ea42d19950a263faec571d;FR;bimonthly;0;casual;casual;straight;fitted;hourglass;blue;chestnut-brown;M;M;39.0;90.0;B;160.0;65.0;3.0;30-60;homemaker;1958-01-01;66.0;True;minimalist;casual
b18ed7e488b64e13928e58f7476ed0d1;DE;monthly;0;street;femenine;loose;fitted;hourglass;blue;blonde;XXL;XXL;41.0;105.0;D;179.0;85.0;4.0;60-100;education;1981-02-05;43.0;True;street;evening
54ef7f9596884018a5357be9e7c5af18;ES;on-demand;0;casual;street;fitted;straight;triangle;dark-brown;black;M;XL;37.0;95.0;B;162.0;65.0;3.0;60-100;education;1978-01-28;46.0;False;casual;street
77c7c9e9b9bd4b688bada6a0cd24f4ec;FR;monthly;0;classic;classic;straight;fitted;oval;hazel;chestnut-brown;L;XXL;39.0;95.0;C;168.0;82.0;4.0;60-100;other;1987-04-23;37.0;True;boho;evening
1e9f30c58c5949d79520e2cb96d7c29a;FR;on-demand;0;street;casual;loose;straight;oval;hazel;chestnut-brown;M;L;36.0;;;161.0;72.0;3.0;60-100;other;1965-08-18;59.0;True;street;boho
ae78c1bd4c7243d98a26acd1fee4c01f;UK;on-demand;0;street;femenine;fitted;straight;rectangle;hazel;chocolate-brown;XL;L;37.0;90.0;FF;165.1;80.81;3.0;30-60;other;1974-10-03;49.0;True;street;casual
cdc4a66675194f64916a0b9aedff0776;IT;on-demand;0;casual;street;loose;fitted;oval;green;chocolate-brown;XXL;3XL;41.0;105.0;C;173.0;90.0;2.0;60-100;administration;1987-03-02;37.0;False;evening;casual
9001f9094b3540c8b399f3ddf22b18b0;DE;on-demand;0;classic;casual;straight;fitted;rectangle;blue;blonde;L;L;39.0;95.0;A;170.0;70.0;5.0;30-60;industry;1974-06-18;50.0;True;street;casual
bfe389a3d0744080825867c731cf194d;ES;bimonthly;0;casual;street;loose;loose;oval;dark-brown;chestnut-brown;L;XL;38.0;95.0;C;163.0;78.0;2.0;30-60;education;1982-08-28;41.0;True;casual;boho
86fb3b8dc279430095bfb225447b2100;FR;on-demand;0;classic;street;fitted;loose;hourglass;green;chestnut-brown;XL;XL;38.0;95.0;C;158.0;80.0;5.0;30-60;education;1982-06-24;42.0;True;street;boho
75417bc5523140c4a9f98fdc55906a7f;DE;on-demand;1;classic;femenine;loose;fitted;hourglass;blue;chocolate-brown;M;M;39.0;90.0;B;175.0;59.0;4.0;30-60;education;1990-03-13;34.0;False;minimalist;classic
201a7d6a834b4307b218a7545164bef8;FR;on-demand;0;femenine;femenine;straight;fitted;rectangle;dark-brown;red;S;S;36.0;;;162.0;55.0;3.0;30-60;other;1959-03-24;65.0;True;boho;
bd191aeba1024fe48eaea9afa70b7315;FR;on-demand;1;casual;street;loose;straight;rectangle;blue;blonde;M;M;42.0;95.0;C;171.0;68.0;4.0;30-60;homemaker;1980-10-10;43.0;True;casual;
1478e630e37f4c17b47ef783181338b2;FR;bimonthly;0;femenine;classic;fitted;fitted;rectangle;dark-brown;chestnut-brown;XL;XL;39.0;100.0;D;171.0;77.0;3.0;30-60;other;1984-05-13;40.0;True;street;boho
049ee299eba54912bfec95f19b2995e0;FR;monthly;0;street;casual;straight;straight;rectangle;dark-brown;chestnut-brown;4XL;4XL;41.0;110.0;D;170.0;105.0;5.0;100+;health;1975-08-05;49.0;True;street;evening
09bb26459a014082b547466f87085bee;DE;bimonthly;0;femenine;femenine;straight;loose;hourglass;blue;blonde;M;XL;39.0;90.0;E;171.0;87.0;3.0;60-100;administration;1981-09-06;42.0;True;evening;street
da200eed3b0f4303aebe0b6ae2112911;FR;on-demand;0;classic;classic;fitted;fitted;triangle;dark-brown;black;S;M;38.0;80.0;B;167.0;57.0;4.0;100+;executive;1974-06-16;50.0;True;evening;minimalist
847e9b78e6a44d378e328c221b4d3eec;IT;bimonthly;0;casual;classic;loose;fitted;rectangle;dark-brown;chestnut-brown;M;L;37.0;95.0;C;167.0;65.0;3.0;60-100;industry;1985-11-19;38.0;True;boho;evening
348148db98414b42a0e17631f4667f83;FR;quarterly;0;street;street;fitted;fitted;hourglass;blue;blonde;3XL;3XL;41.0;105.0;C;168.0;98.0;3.0;60-100;other;1971-03-11;53.0;True;street;classic
6b42e4dfbbec40df93b4b54ad55334f0;NL;on-demand;1;classic;classic;straight;straight;rectangle;blue;blonde;XXL;XXL;39.0;95.0;D;171.0;95.0;1.0;100+;executive;1981-12-01;42.0;True;minimalist;classic
08524cc6b3544d65af7faa39e9abd3f2;DE;on-demand;1;casual;casual;straight;straight;hourglass;green;chocolate-brown;L;XL;39.0;95.0;B;173.0;79.0;4.0;100+;administration;1984-10-05;39.0;False;street;minimalist
f2271ff868874f5e8d24e752a88d396a;FR;quarterly;1;street;casual;straight;straight;hourglass;hazel;chestnut-brown;L;XL;38.0;90.0;B;165.0;69.0;2.0;60-100;executive;1967-07-20;57.0;True;street;
de918c34496d4e469ea1a1b956cc3e90;UK;on-demand;0;femenine;femenine;fitted;straight;hourglass;dark-brown;red;XL;M;38.0;105.0;DD;165.1;54.48;4.0;;other;1980-11-01;43.0;True;boho;evening
0fd11c44937b4695bd6f1db79f65d17b;IT;monthly;0;street;street;fitted;loose;oval;dark-brown;chocolate-brown;M;M;39.0;100.0;;167.0;70.0;4.0;30-60;other;1984-09-25;39.0;True;minimalist;street
16fbdaae657a426299a8c70f8488d965;IT;on-demand;0;street;street;straight;straight;diamond;dark-brown;chestnut-brown;XL;XL;39.0;105.0;C;162.0;76.0;3.0;30-60;education;1976-07-03;48.0;True;minimalist;casual
5379734ea78c4b0f9580fb994ac93510;FR;bimonthly;0;casual;classic;loose;fitted;oval;green;grey-platinum;4XL;3XL;40.0;115.0;F;167.0;89.0;3.0;30-60;administration;1965-05-27;59.0;True;evening;street
84a54df8966f485ca6dadf4c54ca67c7;DE;on-demand;0;street;street;straight;fitted;hourglass;dark-brown;chestnut-brown;M;M;41.0;95.0;C;176.0;67.0;4.0;100+;executive;1980-08-22;44.0;True;classic;street
4fcccc46bdd64ef9a4ca06936adcc718;FR;monthly;0;street;classic;straight;fitted;rectangle;dark-brown;black;M;M;38.0;95.0;C;168.0;60.0;3.0;30-60;other;1967-12-02;56.0;True;casual;street
7215582b3e4f4fde8b6b1cf7e49b9538;UK;on-demand;1;casual;femenine;loose;straight;hourglass;blue;blonde;4XL;4XL;40.0;100.0;E;177.8;108.96;1.0;30-60;administration;1982-07-01;42.0;False;minimalist;evening
67e5d6f12ec44974863a01607135410e;UK;on-demand;0;street;femenine;loose;fitted;oval;hazel;blonde;XL;XL;41.0;;;167.64;75.36;1.0;60-100;health;1973-03-20;51.0;True;street;evening
a7c3e11d30ab4d3b893c9528f9403532;FR;on-demand;0;street;street;loose;fitted;oval;hazel;chestnut-brown;3XL;3XL;38.0;105.0;E;157.0;93.0;4.0;30-60;administration;1993-06-11;31.0;False;street;casual
29468671436a49f0acd120e3757f36ee;DE;bimonthly;0;street;classic;fitted;straight;rectangle;dark-brown;blonde;S;M;38.0;95.0;B;169.0;60.0;3.0;60-100;executive;1982-01-22;42.0;True;minimalist;
a592e0c96f4b4277a9953ae86cbec78d;DE;on-demand;0;classic;classic;straight;straight;oval;blue;blonde;3XL;3XL;40.0;110.0;C;167.0;100.0;2.0;60-100;other;1978-01-30;46.0;True;casual;evening
e92960dc02704899a4cd9ff185b156c7;UK;quarterly;0;casual;casual;straight;loose;triangle;blue;blonde;L;XL;37.0;95.0;B;152.4;61.69;3.0;60-100;technology;1970-12-12;53.0;True;street;classic
fbd3803355dd4ad1a58134ab91e1d843;FR;on-demand;0;classic;classic;loose;straight;oval;dark-brown;chestnut-brown;XL;XXL;38.0;;;162.0;80.0;2.0;60-100;executive;1955-11-15;68.0;True;classic;minimalist
5afd517f84014d7790215537fd9bebf1;IT;bimonthly;0;classic;classic;straight;straight;diamond;hazel;blonde;M;L;39.0;95.0;B;163.0;70.0;1.0;60-100;other;1961-09-17;62.0;True;boho;classic
9f64bf3388454755a0bac50623d3057c;FR;bimonthly;1;classic;casual;loose;fitted;oval;hazel;chestnut-brown;XL;XL;41.0;105.0;C;170.0;79.0;3.0;30-60;education;1973-09-05;50.0;True;street;casual
64a5bbcac600467cb0fc32778147ea99;FR;on-demand;0;casual;classic;loose;loose;inverted-triangle;blue;blonde;XS;XS;37.0;85.0;A;161.0;45.0;3.0;30-60;administration;1984-09-20;39.0;True;boho;
0b487f7cfd9c450baa25bcff09900747;FR;bimonthly;0;street;classic;loose;loose;triangle;dark-brown;chestnut-brown;XL;XXL;40.0;95.0;B;175.0;80.0;3.0;30-60;administration;1970-01-16;54.0;True;boho;
b04bf9c43e47494496dd280df2f1125a;FR;monthly;0;casual;casual;loose;fitted;oval;blue;blonde;XL;L;38.0;100.0;C;169.0;73.0;3.0;60-100;other;1980-07-15;44.0;True;street;minimalist
fde132a9f33f4c41acff289ef0a6fd90;FR;on-demand;0;casual;street;fitted;fitted;rectangle;blue;chocolate-brown;M;XL;41.0;;;169.0;70.0;4.0;30-60;technology;1988-08-17;36.0;True;casual;classic
e915af29a7344d0995372196811ecdd7;UK;on-demand;1;classic;femenine;straight;straight;rectangle;blue;chocolate-brown;XL;XL;37.0;100.0;D;162.56;70.82;2.0;60-100;administration;1970-01-28;54.0;False;minimalist;evening
88099c382541442f9177cc299eaf4389;AT;on-demand;0;street;femenine;straight;fitted;hourglass;amber;chocolate-brown;L;L;38.0;100.0;C;159.0;77.0;5.0;60-100;technology;1985-06-08;39.0;True;boho;street
5905f56a38374566946eb518e8d52b3f;FR;bimonthly;0;classic;street;straight;straight;hourglass;hazel;blonde;L;L;38.0;95.0;C;162.0;85.0;3.0;60-100;health;1988-07-30;36.0;True;casual;classic
210108575395463096bd24ccda69d41c;UK;on-demand;0;classic;femenine;straight;straight;hourglass;blue;blonde;XL;L;36.0;100.0;E;152.4;67.19;3.0;30-60;education;1970-02-22;54.0;False;classic;minimalist
f51cbd6dc27342f29814ac0f11a9c6f8;FR;quarterly;0;street;street;straight;straight;hourglass;hazel;black;S;S;37.0;90.0;B;160.0;52.0;4.0;60-100;administration;1987-06-11;37.0;False;minimalist;boho
7c4e48f6b2b5467082ecbec04e1f10c5;UK;on-demand;0;street;street;loose;loose;oval;dark-brown;chestnut-brown;L;XL;39.0;95.0;C;172.72;74.46;5.0;30-60;education;1970-11-13;53.0;True;boho;casual
c122da2281a540c8a9fdac722a0c4b7e;UK;on-demand;0;street;casual;fitted;fitted;hourglass;blue;blonde;S;S;38.0;85.0;D;165.1;54.03;5.0;60-100;executive;1990-02-22;34.0;False;minimalist;evening
3ac77737906e46f29cd0a52354c2676f;DE;on-demand;1;classic;casual;straight;straight;oval;green;blonde;XL;XL;42.0;100.0;C;172.0;72.0;1.0;60-100;administration;1968-11-12;55.0;True;evening;minimalist
af5898857fd94a92ba5cfc72299bd8fd;DE;bimonthly;0;femenine;femenine;fitted;loose;triangle;green;blonde;L;L;40.0;90.0;A;172.0;59.0;2.0;30-60;homemaker;1972-08-31;51.0;True;classic;minimalist
6500aee5074349d69edde4e22317e433;FR;on-demand;1;street;classic;loose;fitted;oval;hazel;grey-platinum;L;XL;39.0;;;160.0;69.0;3.0;30-60;health;1973-03-06;51.0;True;casual;street
27a193fcaaa64825b56dfe5df94beb7a;FR;on-demand;1;femenine;classic;straight;loose;oval;blue;chestnut-brown;M;M;37.0;90.0;C;158.0;59.0;4.0;30-60;other;1971-05-31;53.0;True;street;
95c5cd90aec84c0484a5f6a0cf9af702;DE;quarterly;0;street;casual;fitted;fitted;hourglass;hazel;blonde;M;M;39.0;100.0;B;168.0;69.0;5.0;30-60;technology;1981-05-31;43.0;True;street;evening
e85412d483e94ad5a8a30eca6f3f05be;DE;monthly;0;street;street;loose;straight;oval;dark-brown;blonde;XL;XXL;40.0;100.0;D;168.0;81.0;2.0;60-100;administration;1974-10-26;49.0;True;street;
e1b5c6ec9c7b4cbf87c02287735e6bc2;FR;monthly;0;street;classic;loose;fitted;oval;hazel;blonde;XXL;XXL;38.0;95.0;E;161.0;78.0;2.0;60-100;executive;1972-02-28;52.0;True;classic;minimalist
0a9f7a7292ca4a61abd35b9e2dd9821f;IT;on-demand;0;casual;street;straight;fitted;oval;dark-brown;chestnut-brown;XXL;L;36.0;105.0;E;155.0;66.0;4.0;30-60;public-sector;1972-09-06;51.0;False;classic;street
f62b3c10549140a5a4efae38a43e5342;FR;on-demand;0;street;casual;fitted;fitted;hourglass;blue;blonde;S;L;38.0;90.0;E;166.0;70.0;3.0;100+;public-sector;1975-02-08;49.0;False;evening;boho
666a385ed1ff43a3945db7cbc1170caa;FR;on-demand;0;classic;casual;loose;fitted;hourglass;green;chestnut-brown;S;M;37.0;90.0;C;154.0;52.0;5.0;60-100;executive;1981-07-30;43.0;True;street;evening
128d1e33f2484f639b08ed62a337cebd;FR;on-demand;0;femenine;street;straight;straight;oval;amber;chestnut-brown;3XL;4XL;;;F;160.0;100.0;3.0;30-60;administration;1985-05-28;39.0;;boho;street
c52bce75decb4c73991ace2b4317c68e;DE;on-demand;0;femenine;femenine;fitted;fitted;hourglass;green;chestnut-brown;M;M;38.0;85.0;E;168.0;60.0;3.0;100+;education;1973-03-14;51.0;True;boho;evening
64107334049e425d863be3e89c1483cd;IT;quarterly;0;street;classic;fitted;fitted;inverted-triangle;hazel;chestnut-brown;XS;XS;35.0;90.0;B;148.0;44.0;4.0;30-60;homemaker;1987-04-22;37.0;True;street;boho
737f909b223645dea116a98407ff4c38;ES;on-demand;1;casual;classic;fitted;fitted;oval;amber;chestnut-brown;L;L;38.0;95.0;B;165.0;70.0;4.0;30-60;health;1975-06-03;49.0;True;minimalist;street
9e78e120586f4e729c63778f8ebd77ff;DE;on-demand;0;femenine;femenine;loose;straight;oval;hazel;chestnut-brown;4XL;4XL;41.0;115.0;E;172.0;107.0;4.0;30-60;other;1969-03-08;55.0;True;evening;minimalist
9efb7c7ff0014f8194028edf4f785677;DE;bimonthly;0;street;femenine;straight;fitted;oval;amber;black;3XL;3XL;38.0;110.0;D;162.0;107.0;3.0;30-60;administration;1988-09-08;35.0;False;evening;
5a4faa5055ad40b3a5d04fab59329845;UK;on-demand;0;street;casual;straight;fitted;rectangle;green;blonde;S;M;39.0;90.0;B;162.56;57.66;4.0;30-60;technology;1996-07-14;28.0;False;evening;street
9a4bff94e980435b90510c26138b7e81;DE;on-demand;1;street;street;straight;fitted;triangle;amber;chocolate-brown;XL;XXL;40.0;100.0;B;170.0;83.0;3.0;60-100;health;1976-01-15;48.0;True;street;
117c6171044e4fdf8cbd8c4dc6a59cb8;FR;quarterly;0;femenine;casual;straight;fitted;hourglass;amber;chestnut-brown;M;M;;95.0;F;178.0;68.0;5.0;100+;executive;1981-09-23;42.0;True;boho;evening
84c2d3da167f4f1db6679b3bbd2746fd;FR;on-demand;0;casual;street;fitted;straight;oval;green;black;L;XL;;95.0;C;165.0;72.0;5.0;30-60;hospitality;1986-02-07;38.0;True;street;evening
8d312ee6b3704113b22799e3aa07fb38;ES;on-demand;0;casual;femenine;loose;fitted;hourglass;green;blonde;XL;XXL;39.0;100.0;B;169.0;77.0;1.0;60-100;administration;1980-03-01;44.0;False;evening;street
1932240bef894979be69257cc5431843;FR;bimonthly;0;casual;street;loose;fitted;rectangle;blue;chestnut-brown;XL;XL;39.0;105.0;C;153.0;65.0;2.0;100+;industry;1970-10-20;53.0;True;street;casual
7b5f81579d284b589581645ab9e24600;UK;on-demand;0;street;casual;straight;straight;inverted-triangle;blue;blonde;L;L;38.0;95.0;C;157.48;70.82;4.0;30-60;public-sector;1995-08-29;28.0;False;evening;minimalist
6e61aa0bd0e344ffa1494c13ae3a5dcd;FR;monthly;0;femenine;femenine;straight;fitted;oval;amber;chocolate-brown;L;L;36.0;95.0;C;156.0;65.0;3.0;100+;other;1986-02-23;38.0;False;street;evening
203cfdb2bea14a2fb499c3fe5bbb1862;UK;on-demand;0;casual;street;loose;fitted;oval;blue;chestnut-brown;XL;XXL;39.0;100.0;C;165.1;93.07;3.0;30-60;health;1978-08-15;46.0;True;casual;
18543641b2094a519ae538506364b815;FR;monthly;0;femenine;classic;straight;straight;oval;dark-brown;grey-platinum;XL;XXL;38.0;105.0;C;167.0;80.0;5.0;30-60;health;1971-10-03;52.0;False;casual;minimalist
ac66d9bed4a04e1f8093c09c444fc90a;ES;on-demand;0;casual;street;loose;fitted;hourglass;blue;blonde;L;XXL;38.0;95.0;C;163.0;70.0;3.0;30-60;education;1990-04-04;34.0;True;boho;minimalist
142608df37d5487e966b198374a99227;FR;monthly;0;street;casual;fitted;straight;hourglass;blue;blonde;M;XL;39.0;90.0;B;168.0;68.0;3.0;100+;executive;1975-03-04;49.0;;classic;street
57bd1fd88ae249169d810c8d56604736;ES;on-demand;0;casual;classic;loose;loose;oval;dark-brown;chocolate-brown;3XL;XXL;41.0;110.0;B;173.0;102.0;4.0;60-100;administration;1978-01-14;46.0;True;street;evening
a4d3b09f92a44aa6a994814d084414ec;FR;on-demand;0;casual;casual;straight;fitted;inverted-triangle;hazel;chestnut-brown;S;M;38.0;90.0;A;170.0;54.0;3.0;30-60;other;1971-07-31;53.0;True;casual;minimalist
97b9c222094d462f9a5b107f02b0de54;ES;monthly;0;casual;classic;loose;straight;triangle;dark-brown;black;3XL;3XL;38.0;105.0;B;170.0;85.0;2.0;100+;administration;1978-07-15;46.0;True;evening;street
91956b2744284d238fcce24f18afa519;FR;monthly;0;street;casual;loose;straight;oval;grey;blonde;3XL;3XL;39.0;100.0;C;168.0;90.0;3.0;30-60;executive;1968-03-01;56.0;True;boho;evening
4c2fde7ed7a442bf8725d2a815898236;IT;quarterly;0;street;street;straight;straight;triangle;hazel;chestnut-brown;M;M;37.0;90.0;;157.0;52.0;2.0;30-60;administration;1981-04-30;43.0;True;classic;street
ce58f1451ba04080b75f35819c354a30;DE;bimonthly;0;femenine;femenine;straight;fitted;hourglass;green;blonde;XL;L;42.0;105.0;D;174.0;93.0;3.0;30-60;administration;1980-12-18;43.0;True;classic;evening
506ca75f122643389ca935439aa2835f;ES;bimonthly;0;street;street;loose;loose;oval;dark-brown;black;XL;XXL;36.0;110.0;D;160.0;68.0;4.0;30-60;administration;1974-09-15;49.0;True;boho;casual
119583dd5f2749cf8a7788c272433100;FR;quarterly;0;street;casual;loose;fitted;rectangle;blue;red;L;L;39.0;105.0;C;165.0;74.0;5.0;60-100;executive;1985-03-24;39.0;True;street;boho
d72d0452c34d4a299e7dad1cee0256b8;FR;on-demand;0;street;street;fitted;straight;triangle;dark-brown;blonde;S;L;40.0;95.0;B;171.0;67.0;4.0;30-60;fashion;1995-05-11;29.0;False;boho;street
07a387be0d6d442aba2a75557e2737c8;FR;bimonthly;0;street;casual;fitted;fitted;triangle;blue;blonde;L;M;40.0;95.0;B;176.0;73.0;4.0;60-100;executive;1976-04-23;48.0;False;evening;street
d40e8a1114864a288e55459672b515ca;FR;on-demand;0;casual;classic;fitted;loose;oval;green;blonde;L;XL;39.0;85.0;B;165.0;69.0;3.0;60-100;administration;1984-12-15;39.0;True;classic;street
32bc9ac4cd924ccd9f8da4603a592982;DE;on-demand;1;street;classic;straight;straight;inverted-triangle;dark-brown;chocolate-brown;M;M;38.0;95.0;C;168.0;68.0;5.0;30-60;executive;1985-12-06;38.0;True;evening;casual
96fc096b6139444384e4fec9b065bb30;FR;on-demand;0;street;street;loose;loose;rectangle;hazel;chestnut-brown;XXL;3XL;37.0;95.0;B;165.0;83.0;3.0;60-100;education;1974-05-04;50.0;True;classic;casual
571e381eede64c68ad2859fe4b0ccc9e;DE;quarterly;1;casual;casual;loose;fitted;oval;blue;blonde;XXL;XXL;40.0;110.0;C;170.0;87.0;2.0;100+;executive;1961-04-09;63.0;True;classic;boho
90f091988fcd4a49bff4781eb54e6265;DE;on-demand;0;casual;classic;fitted;fitted;hourglass;green;blonde;L;XL;40.0;100.0;B;173.0;65.0;4.0;60-100;administration;1977-04-22;47.0;True;evening;classic
0b6ca0a7e2e548dca88c85adad05c8eb;UK;monthly;0;street;casual;straight;fitted;rectangle;blue;chocolate-brown;L;M;41.0;95.0;C;162.56;56.3;3.0;60-100;other;1970-12-03;53.0;;evening;street
d820550099654db19c340baf88fb1554;DE;on-demand;0;street;femenine;straight;straight;oval;green;blonde;XXL;3XL;41.0;120.0;E;172.0;100.0;2.0;60-100;public-sector;1979-04-15;45.0;True;classic;
85714ac2f08a4d09b0954d9a589faaa2;UK;on-demand;0;casual;street;loose;fitted;oval;green;blonde;L;XL;39.0;95.0;C;162.56;82.63;3.0;60-100;health;1989-01-10;35.0;False;boho;casual
d698a72c5ce4438d8afd1877527e1ca8;FR;quarterly;0;casual;street;straight;straight;oval;green;black;3XL;4XL;40.0;100.0;C;165.0;90.0;1.0;30-60;health;1981-08-17;43.0;True;casual;classic
c14def10ad4a4495bc74761225dc6184;FR;on-demand;0;casual;classic;loose;straight;oval;dark-brown;black;XXL;XL;37.0;95.0;D;164.0;80.0;1.0;60-100;homemaker;1958-12-16;65.0;True;minimalist;classic
bcd5f9f0dd3f43e787a11010cb626433;FR;on-demand;0;street;femenine;straight;straight;oval;hazel;blonde;4XL;4XL;40.0;115.0;D;173.0;94.0;5.0;30-60;administration;1964-01-13;60.0;True;evening;minimalist
048f1b2ca3b142d3931d34312c8e80fd;DE;on-demand;1;classic;casual;loose;straight;oval;dark-brown;chestnut-brown;XL;XL;40.0;95.0;E;168.0;78.0;3.0;60-100;executive;1979-11-25;44.0;True;minimalist;evening
d5bca4c6324a43e1867c2e9a36575fb3;FR;on-demand;1;femenine;classic;straight;loose;hourglass;green;chestnut-brown;M;XL;40.0;100.0;E;172.0;81.0;2.0;30-60;executive;1983-10-09;40.0;;evening;street
bde4c119f22a43bf9a96bc8a2c9b6d3d;AT;quarterly;0;casual;classic;fitted;loose;hourglass;amber;chestnut-brown;XS;XS;37.0;85.0;E;154.0;53.0;3.0;100+;executive;1982-01-20;42.0;False;classic;
fbf7e066b16c42efbdf59654a69a1a3a;FR;quarterly;0;classic;casual;straight;straight;rectangle;dark-brown;chestnut-brown;XL;XL;39.0;100.0;C;163.0;66.0;2.0;100+;other;1958-04-02;66.0;True;casual;
5e2cb05dc74546e3a87fdb24658b2183;UK;bimonthly;0;street;casual;fitted;fitted;hourglass;dark-brown;chestnut-brown;S;XS;35.0;80.0;F;142.24;43.58;4.0;60-100;homemaker;1969-12-16;54.0;True;street;casual
fde25b2b74f54bacad22f101a486e9b8;FR;on-demand;0;street;classic;fitted;straight;hourglass;green;black;XL;XL;38.0;95.0;D;160.0;75.0;3.0;60-100;education;1971-11-27;52.0;True;boho;street
f867198d80794b64a4366747bb0baf4e;ES;on-demand;0;casual;classic;loose;straight;triangle;hazel;black;M;L;39.0;80.0;C;164.0;53.0;4.0;100+;industry;1974-11-16;49.0;False;minimalist;street
68cf33aed8d845b49042d524961b90ab;DE;bimonthly;0;street;classic;straight;fitted;diamond;dark-brown;blonde;L;M;37.0;100.0;D;164.0;65.0;4.0;100+;technology;1976-02-21;48.0;True;evening;minimalist
f04041b20cac4470be43bbd9a6b81586;FR;bimonthly;0;classic;casual;straight;loose;oval;dark-brown;blonde;L;XL;38.0;100.0;C;165.0;70.0;4.0;30-60;administration;1971-02-17;53.0;True;street;classic
00d3add5e07843c1ab50eea1e935785f;FR;on-demand;0;classic;classic;straight;loose;oval;hazel;black;XXL;XXL;41.0;100.0;E;170.0;91.0;5.0;60-100;executive;1985-11-07;38.0;True;boho;evening
4418823efc4140f29541e6b85010579b;FR;on-demand;0;femenine;femenine;loose;straight;oval;green;grey-platinum;XL;XXL;40.0;95.0;D;166.0;74.0;4.0;60-100;administration;1963-07-21;61.0;False;minimalist;boho
6a3d81d15f1443fb97683f685b4ab518;DE;on-demand;0;casual;casual;straight;fitted;inverted-triangle;dark-brown;chocolate-brown;L;M;39.0;95.0;E;169.0;64.0;2.0;30-60;administration;1970-01-11;54.0;True;classic;
8c2e01c79ed344729aeb5dd8fd76b098;DE;quarterly;0;street;femenine;fitted;fitted;hourglass;blue;chestnut-brown;S;M;37.0;85.0;C;156.0;56.0;4.0;60-100;health;1971-09-24;52.0;True;classic;casual
9948e492c138435fbc750a7287b60130;FR;on-demand;0;street;street;loose;straight;oval;hazel;blonde;4XL;4XL;41.0;110.0;C;173.0;94.0;4.0;30-60;administration;1969-06-27;55.0;;street;boho
2f1402908985434f9e916eb797f3e40b;ES;bimonthly;0;casual;street;straight;straight;oval;blue;blonde;3XL;4XL;38.0;110.0;D;160.0;90.0;3.0;60-100;industry;1981-09-03;42.0;;street;
5c8e8dbe77d149da999172a8e9fb20f5;FR;on-demand;0;classic;street;straight;loose;rectangle;green;chestnut-brown;XL;L;37.0;100.0;C;152.0;72.0;1.0;100+;public-sector;1967-04-11;57.0;True;casual;classic
7aee13bbd3fc41cabb29ce4e965338fb;DE;bimonthly;1;classic;classic;straight;straight;oval;blue;red;XXL;XL;38.0;110.0;D;150.0;85.0;1.0;60-100;health;1972-06-11;52.0;False;classic;minimalist
b21766518b264204b8ff5732f79711b4;DE;quarterly;0;casual;casual;fitted;straight;rectangle;blue;chestnut-brown;XL;L;42.0;105.0;D;174.0;75.0;3.0;60-100;administration;1973-07-17;51.0;True;street;
7198957a311448f4bd30ee74689aa90a;FR;on-demand;0;street;femenine;straight;straight;oval;dark-brown;chestnut-brown;M;M;40.0;95.0;B;162.0;60.0;3.0;60-100;education;1970-12-23;53.0;True;street;
e6350092023d4e898907786d3bf292bf;FR;on-demand;0;street;casual;straight;straight;oval;green;chestnut-brown;3XL;3XL;38.0;100.0;E;167.0;93.0;4.0;100+;administration;1972-12-29;51.0;True;street;evening
4135e5c0e90141b0ac9ca06721eb8c3d;IT;monthly;1;casual;street;straight;straight;rectangle;hazel;chestnut-brown;L;L;38.0;95.0;B;156.0;65.0;4.0;100+;administration;1980-11-28;43.0;True;street;casual
ba187596de214a89957ed9be45fdc1f0;UK;bimonthly;0;street;femenine;fitted;fitted;rectangle;blue;black;M;L;39.0;85.0;A;162.56;59.47;3.0;30-60;public-sector;1976-01-08;48.0;True;evening;street
b1e360a7b64f421185dcafe6ed361d5f;ES;on-demand;0;casual;femenine;loose;fitted;triangle;blue;blonde;S;S;37.0;85.0;B;162.0;50.0;4.0;60-100;executive;1984-01-09;40.0;True;minimalist;boho
9232decc88b34b81b7f386ecdd75afc5;FR;on-demand;0;casual;classic;loose;fitted;hourglass;dark-brown;blonde;XL;XL;40.0;90.0;B;165.0;70.0;1.0;60-100;administration;1965-05-29;59.0;True;casual;minimalist
49d50a0b5f2d47fcbaa17f979906c830;FR;bimonthly;0;street;casual;loose;fitted;triangle;hazel;chestnut-brown;M;M;36.0;90.0;C;157.0;60.0;2.0;30-60;administration;1973-06-05;51.0;True;casual;
09106413999349888b523b231ed75a64;FR;bimonthly;0;street;femenine;straight;straight;oval;dark-brown;black;XL;XXL;41.0;100.0;C;165.0;85.0;2.0;60-100;executive;1979-02-02;45.0;True;street;evening
3ab0c42d931144449be146699fdf59cc;FR;on-demand;1;casual;classic;fitted;fitted;oval;hazel;chestnut-brown;3XL;3XL;39.0;100.0;F;156.0;94.0;4.0;30-60;public-sector;1982-09-20;41.0;True;minimalist;casual
ddd83b075e63489bab66a33242ead13c;FR;on-demand;0;street;casual;loose;fitted;hourglass;blue;blonde;M;M;37.0;85.0;B;163.0;53.0;3.0;30-60;other;1985-05-19;39.0;True;casual;street
56f823149e594e9188177d912895aa87;FR;on-demand;0;street;street;fitted;fitted;triangle;blue;chocolate-brown;XL;XL;39.0;100.0;C;157.0;55.0;3.0;;student;1999-05-02;25.0;False;street;casual
0e63cfdc84dc4bf9a646aef87212761d;FR;bimonthly;0;street;casual;loose;fitted;rectangle;dark-brown;black;M;M;39.0;95.0;A;165.0;55.0;3.0;60-100;other;1987-06-15;37.0;False;street;casual
ea2117d36ba4441784970612d6bb8d6a;ES;on-demand;0;casual;street;loose;straight;oval;hazel;blonde;M;L;40.0;90.0;C;167.0;63.0;4.0;60-100;administration;1973-11-24;50.0;True;evening;minimalist
626b2c2ce88040fb8fa3b593ecde85e5;FR;on-demand;0;classic;classic;straight;straight;hourglass;blue;black;L;XL;40.0;95.0;C;173.0;72.0;3.0;60-100;administration;1973-09-03;50.0;True;evening;boho
99273f637e6545979d23bd908f6b0c42;FR;on-demand;0;casual;street;loose;straight;rectangle;blue;chestnut-brown;L;L;39.0;90.0;C;160.0;65.0;3.0;30-60;homemaker;1981-06-07;43.0;True;casual;boho
62b56b05936243a4b76efed179df9b3b;DE;on-demand;0;casual;street;straight;fitted;oval;amber;chocolate-brown;XL;XL;38.0;105.0;E;163.0;77.0;2.0;60-100;administration;;;True;casual;street
63495ed4f9464a37ad90c530d33558af;FR;on-demand;0;street;classic;fitted;loose;hourglass;hazel;red;M;L;39.0;90.0;B;167.0;73.0;3.0;30-60;health;1983-08-18;41.0;True;evening;casual
2aed5dc84b984a40bfb6de3a4fbd6f57;FR;quarterly;0;femenine;femenine;;;rectangle;dark-brown;black;M;M;39.0;95.0;B;170.0;62.0;3.0;100+;technology;1969-05-29;55.0;True;street;casual
3280e2150996455881c3402d023eeb0f;UK;bimonthly;0;casual;classic;loose;straight;diamond;green;blonde;3XL;4XL;37.0;100.0;F;154.94;84.82;2.0;30-60;homemaker;1960-02-22;64.0;True;classic;street
aa8e896d8039493ba11d3e1123c03b5a;UK;bimonthly;0;classic;femenine;fitted;straight;hourglass;blue;grey-platinum;XXL;3XL;39.0;100.0;FF;160.02;87.17;3.0;30-60;education;1969-12-28;54.0;True;classic;minimalist
deba7ee9a9c34c2eb2190b0ffe4b1bf0;FR;on-demand;0;femenine;classic;fitted;loose;hourglass;hazel;chestnut-brown;L;XL;39.0;100.0;B;171.0;66.0;3.0;30-60;executive;1975-06-09;49.0;True;casual;boho
0efd843074984960bd799f1ef6e211b5;FR;bimonthly;0;classic;classic;fitted;straight;oval;dark-brown;grey-platinum;XXL;XXL;39.0;100.0;E;168.0;88.0;4.0;60-100;executive;1977-04-14;47.0;True;classic;
94b63d54a1f342719a7c3b2227ace8a4;DE;on-demand;1;classic;classic;straight;fitted;rectangle;green;chocolate-brown;XS;XS;40.0;90.0;B;165.0;58.0;3.0;60-100;executive;1986-01-05;38.0;True;minimalist;classic
9ddc6a2042df42a18ee5a77dfe16512d;FR;on-demand;0;casual;classic;loose;straight;oval;green;chestnut-brown;XXL;3XL;40.0;105.0;D;174.0;95.0;4.0;60-100;executive;1985-04-02;39.0;True;street;classic
427ecf3446e04fdd91e9bb234e205baa;FR;on-demand;1;classic;street;loose;straight;rectangle;green;grey-platinum;XL;L;38.0;90.0;D;168.0;69.0;5.0;30-60;domestic-service;1966-01-30;58.0;True;boho;street
f2c4b657ca0d46cd80cdbab6150c15d4;FR;on-demand;0;casual;street;straight;straight;hourglass;blue;blonde;L;L;37.0;90.0;C;157.0;68.0;2.0;60-100;education;1984-11-08;39.0;True;boho;casual
a333555d59084ae2a84384410cbea513;IT;on-demand;0;casual;femenine;fitted;fitted;hourglass;green;chocolate-brown;XXL;XXL;39.0;105.0;D;158.0;86.0;5.0;30-60;administration;1989-08-19;35.0;False;casual;boho
5c2daffbac9545c0af75f557c03f2cb5;UK;on-demand;0;street;street;fitted;straight;oval;blue;blonde;XL;XL;39.0;100.0;C;167.64;76.27;5.0;30-60;health;1981-11-23;42.0;True;casual;evening
ff296cbc50f445a88841fe66cd6a8b48;FR;on-demand;0;classic;classic;loose;straight;triangle;dark-brown;chestnut-brown;S;M;37.0;90.0;B;165.0;60.0;3.0;60-100;public-sector;1974-06-06;50.0;True;boho;casual
c99be79cb42d44e487d476f4c9bdf0ac;FR;monthly;0;casual;casual;loose;straight;hourglass;blue;grey-platinum;L;L;38.0;95.0;B;163.0;75.0;4.0;30-60;other;1972-07-01;52.0;True;minimalist;street
a001069f2bd54fd5ac631a14b568cba4;DE;on-demand;0;classic;femenine;straight;loose;triangle;dark-brown;chocolate-brown;3XL;4XL;41.0;110.0;B;165.0;98.0;3.0;100+;administration;1965-09-01;58.0;True;boho;evening
9dc4bcc4a1b942369a8dcf5af52a1e3c;FR;monthly;0;casual;classic;loose;fitted;oval;dark-brown;grey-platinum;4XL;3XL;40.0;110.0;D;170.0;90.0;2.0;60-100;other;1958-08-25;65.0;True;casual;street
2a7bbeb88aad460fb1258749509b7ad3;FR;monthly;0;femenine;casual;fitted;straight;oval;blue;blonde;S;M;37.0;90.0;C;155.0;56.0;4.0;30-60;administration;1980-01-15;44.0;True;street;evening
efd6b8acef904c8085d7a0426a689bfb;DE;quarterly;0;casual;femenine;straight;straight;oval;green;blonde;3XL;3XL;40.0;110.0;B;169.0;93.0;2.0;60-100;administration;1973-07-23;51.0;True;classic;minimalist
add4dfb3ad244b2aa1fe5877a6f5b641;DE;on-demand;0;street;casual;fitted;fitted;hourglass;green;chestnut-brown;M;M;41.0;95.0;C;181.0;69.0;3.0;60-100;industry;1982-11-02;41.0;True;minimalist;street
a7b9d67f7fe242b8b3755d766ebac30e;DE;bimonthly;0;street;street;straight;loose;oval;green;chocolate-brown;L;L;39.0;90.0;B;169.0;85.0;3.0;60-100;administration;1980-05-03;44.0;True;boho;street
f429d12e21a6495b9b9765102495c728;FR;bimonthly;0;casual;classic;fitted;loose;triangle;green;blonde;L;L;39.0;90.0;E;170.0;71.0;4.0;30-60;administration;1976-06-05;48.0;True;evening;casual
79d420f830834f0a8e78a4879d250fa6;UK;bimonthly;0;street;street;loose;straight;oval;green;chestnut-brown;3XL;XL;38.0;100.0;FF;154.94;79.45;4.0;60-100;health;1960-03-25;64.0;False;casual;minimalist
4182b720c50741718ec631a721c02dc1;DE;on-demand;1;casual;street;loose;fitted;oval;green;blonde;XL;L;39.0;100.0;B;160.0;73.0;4.0;60-100;homemaker;1965-09-03;58.0;True;evening;boho
8771825daccc466eb6a90d231a42eee1;FR;quarterly;0;casual;classic;loose;fitted;rectangle;blue;blonde;M;M;38.0;90.0;B;171.0;61.0;4.0;30-60;other;1968-05-11;56.0;True;street;casual
9e4406685f7e4d34bc6c1a3fcdb29178;FR;bimonthly;0;casual;street;fitted;straight;hourglass;green;chestnut-brown;S;M;39.0;90.0;A;163.0;52.0;2.0;30-60;administration;1978-11-24;45.0;True;casual;
f220a4ac51cd42bfb73714a4edd45b9e;UK;bimonthly;0;casual;femenine;fitted;straight;hourglass;green;chestnut-brown;XL;XL;41.0;95.0;B;170.18;78.93;4.0;60-100;health;1969-01-10;55.0;True;classic;evening
1b9f5928865d49b5ab162bdd710b72cd;ES;bimonthly;1;street;classic;loose;straight;rectangle;dark-brown;chestnut-brown;XL;XL;38.0;100.0;C;156.0;68.0;3.0;30-60;other;1955-12-19;68.0;True;minimalist;street
947f1c86d5844381a6caf128d9abe680;DE;on-demand;1;street;street;fitted;fitted;rectangle;blue;chocolate-brown;XS;S;37.0;90.0;B;159.0;55.0;5.0;60-100;education;1982-01-26;42.0;False;street;casual
122409a4b2d14d0ebdeb73c33d2d50ec;DE;on-demand;1;classic;casual;straight;straight;diamond;green;blonde;XL;M;42.0;100.0;D;180.0;81.0;1.0;60-100;other;1972-07-01;52.0;True;classic;minimalist
2d01b2db328c4ec19378718f15fbba18;IT;bimonthly;0;femenine;femenine;fitted;straight;inverted-triangle;dark-brown;chestnut-brown;M;M;38.0;95.0;B;166.0;64.0;3.0;30-60;technology;1989-08-15;35.0;True;evening;minimalist
2c32fef255fd42b8a5b378949b9286cc;DE;on-demand;1;femenine;street;straight;fitted;hourglass;dark-brown;chocolate-brown;L;L;39.0;95.0;D;165.0;63.0;3.0;60-100;other;1984-05-21;40.0;True;boho;
67cd94be5adf475d85ae555db62504b1;FR;bimonthly;0;femenine;casual;fitted;fitted;oval;hazel;blonde;XL;L;38.0;100.0;D;158.0;75.0;3.0;30-60;other;1965-07-31;59.0;;boho;evening
8ec6ae928bdd4dbc98c559d47cf47955;DE;monthly;0;street;casual;loose;fitted;oval;amber;blonde;4XL;4XL;40.0;120.0;B;169.0;100.0;2.0;60-100;health;1971-05-24;53.0;True;street;casual
acbf5c91ee5e4ca8acfd90c2791193e8;FR;on-demand;0;femenine;casual;fitted;fitted;rectangle;dark-brown;black;M;M;39.0;90.0;B;168.0;65.0;3.0;30-60;administration;1981-09-07;42.0;True;evening;street
bafc1f6bb9654054b1fdb27083ab6920;FR;bimonthly;0;casual;street;fitted;straight;rectangle;hazel;chestnut-brown;M;L;38.0;95.0;B;161.0;59.0;2.0;30-60;industry;1984-05-01;40.0;;classic;boho
7827eafec8cf44729b2907132085dc12;FR;bimonthly;0;femenine;casual;loose;straight;oval;hazel;chestnut-brown;XXL;XL;39.0;105.0;D;164.0;82.0;5.0;60-100;health;1971-12-03;52.0;True;street;boho
4b28a002f4e4447fa46615ac55d6bd95;ES;bimonthly;0;street;classic;loose;fitted;oval;hazel;blonde;XL;XL;37.0;100.0;D;161.0;79.0;3.0;60-100;other;1970-06-14;54.0;True;classic;evening
769449adfd55476a8ffc015b8a0704e0;IT;on-demand;0;casual;street;loose;fitted;oval;dark-brown;chestnut-brown;3XL;3XL;38.0;;;158.0;80.0;2.0;60-100;education;;;True;classic;boho
9b03e38330374d509a96c3a68c4ce954;FR;on-demand;0;street;femenine;straight;straight;rectangle;dark-brown;black;M;M;39.0;;;159.0;58.0;5.0;60-100;other;1982-05-07;42.0;True;street;evening
8e24c3ca539641fbb92dd754410b90b3;FR;on-demand;0;classic;street;loose;loose;rectangle;hazel;chestnut-brown;L;M;40.0;95.0;B;172.0;85.0;3.0;30-60;health;1971-06-26;53.0;True;;
eaec16699bef4ce5ae2596b2693a6e81;FR;monthly;0;femenine;casual;loose;fitted;oval;amber;blonde;XXL;4XL;40.0;105.0;F;170.0;100.0;3.0;30-60;education;1985-10-08;38.0;False;evening;street
b01ed188822847dcb36e93205be43972;BELUX;on-demand;0;femenine;casual;straight;fitted;hourglass;green;blonde;XXL;XXL;40.0;105.0;E;174.0;102.0;3.0;60-100;administration;1987-02-06;37.0;True;minimalist;boho
3caf046f21f34b2ca712204fc78992cd;IT;on-demand;0;casual;street;straight;fitted;oval;dark-brown;blonde;XL;XXL;38.0;105.0;D;165.0;75.0;3.0;30-60;health;1989-07-22;35.0;False;minimalist;boho
bee25412a01a437e9fb5bda3a99ed464;ES;on-demand;0;classic;classic;straight;straight;hourglass;dark-brown;black;M;L;40.0;90.0;D;165.0;69.0;3.0;30-60;executive;1978-08-25;45.0;True;casual;street
e432e779505341e4a3827c7a71273b49;AT;on-demand;0;femenine;classic;straight;fitted;hourglass;blue;chestnut-brown;S;S;39.0;100.0;B;164.0;59.0;5.0;30-60;executive;1979-05-02;45.0;True;evening;street
d2da47e3638842628be5d5f16d552480;FR;bimonthly;0;casual;street;loose;loose;oval;hazel;chestnut-brown;XL;4XL;38.0;100.0;B;164.0;88.0;;30-60;other;;;True;classic;
db3f2f57d57e4431a1e390ceeb1c2fa1;FR;monthly;0;casual;street;straight;loose;inverted-triangle;green;red;XXL;XXL;38.0;105.0;D;167.0;70.0;1.0;60-100;other;1957-08-19;67.0;True;casual;minimalist
f516d7f6eeac44a8b6824a4441c6a916;FR;on-demand;1;casual;street;fitted;fitted;hourglass;green;chestnut-brown;M;L;40.0;90.0;B;170.0;62.0;3.0;60-100;health;1989-01-29;35.0;True;casual;evening
4824ac7facc04b9ea8988292f1096ea5;FR;monthly;0;street;street;fitted;fitted;oval;blue;chestnut-brown;XXL;XXL;38.0;100.0;E;157.0;81.0;3.0;60-100;other;1972-06-26;52.0;True;street;casual
5f3cfb93ecde46ad8df190c560240939;DE;quarterly;0;femenine;classic;straight;loose;triangle;grey;blonde;M;L;35.0;90.0;D;155.0;69.0;3.0;60-100;administration;1978-01-31;46.0;True;evening;classic
ca0bb85431ea4b1081c80d1055a2fc46;DE;on-demand;0;street;casual;straight;loose;triangle;dark-brown;black;XXL;3XL;42.0;110.0;B;175.0;88.0;4.0;60-100;technology;1982-01-19;42.0;True;minimalist;street
0fed68172edd4d259d1da698efc0ae42;FR;on-demand;0;street;street;loose;loose;diamond;dark-brown;grey-platinum;XXL;XXL;39.0;100.0;C;164.0;80.0;3.0;60-100;health;1964-05-05;60.0;True;street;classic
5d5692115d764efb9f617eb36729d364;UK;bimonthly;0;casual;casual;loose;loose;oval;grey;chocolate-brown;XXL;XL;41.0;100.0;DD;167.64;73.09400000000001;5.0;60-100;administration;1980-01-17;44.0;True;evening;classic
1844315f50b84e4fb7cf5f95f2cce806;FR;on-demand;1;casual;street;fitted;loose;hourglass;blue;chestnut-brown;L;XL;42.0;90.0;B;183.0;79.0;3.0;100+;;1982-07-16;42.0;True;casual;boho
95fae7e3744842f6916797356087a94a;ES;monthly;0;street;street;fitted;fitted;hourglass;dark-brown;chocolate-brown;XS;S;37.0;85.0;B;152.0;54.0;2.0;30-60;administration;1979-12-20;44.0;;street;evening
917f2cfa744c4849ab64979d9b89518b;FR;monthly;0;street;casual;fitted;fitted;hourglass;green;blonde;L;M;38.0;95.0;C;156.0;63.0;3.0;60-100;homemaker;1961-06-13;63.0;True;classic;street
ed711826b1e543ee858091e960b4935d;FR;on-demand;0;street;classic;fitted;fitted;triangle;green;grey-platinum;M;M;40.0;85.0;B;169.0;63.0;4.0;30-60;education;1984-01-14;40.0;True;casual;street
97a512c8facc42758ed435b2570756cb;FR;on-demand;0;femenine;femenine;straight;straight;rectangle;blue;blonde;M;L;40.0;95.0;B;162.0;63.0;3.0;60-100;executive;1963-02-18;61.0;True;evening;boho
93a561e5b6fb41cbaf09749eedfa05a2;UK;monthly;0;street;casual;fitted;loose;triangle;green;blonde;M;L;;90.0;B;157.48;60.382000000000005;3.0;60-100;executive;1978-08-13;46.0;False;street;evening
48a0b4bbebe544a19826037798bac021;FR;bimonthly;0;casual;street;fitted;fitted;rectangle;blue;blonde;M;L;38.0;100.0;E;163.0;67.0;3.0;30-60;administration;1980-01-13;44.0;True;casual;minimalist
9a24cf9850e74829a9670974f8885a4a;UK;on-demand;0;casual;femenine;loose;straight;triangle;dark-brown;grey-platinum;XL;XL;38.0;95.0;C;160.02;69.92;4.0;60-100;homemaker;1958-11-18;65.0;True;boho;minimalist
4a020b8c02444c33a501ecddf8f116b2;FR;on-demand;0;casual;street;fitted;straight;triangle;dark-brown;blonde;M;M;39.0;90.0;C;160.0;58.0;4.0;100+;health;1978-01-11;46.0;True;minimalist;casual
3fb413f19c00420b9b4f0763ed0f531d;FR;on-demand;0;casual;classic;fitted;fitted;hourglass;green;blonde;M;L;36.0;95.0;C;158.0;64.0;4.0;30-60;public-sector;1994-07-15;30.0;False;classic;
dbaa2f6cebb742c9974da6e727f51f96;DE;on-demand;0;street;street;loose;fitted;oval;blue;chestnut-brown;L;XL;37.0;100.0;E;158.0;70.0;1.0;30-60;other;1980-05-23;44.0;False;evening;classic
510e393ab42d49e2947701dfe8ed9082;FR;monthly;0;femenine;femenine;fitted;fitted;hourglass;hazel;black;S;M;38.0;85.0;C;160.0;65.0;3.0;30-60;other;1985-08-15;39.0;True;boho;
60310fd32a904e1cae255bbae70c71c2;ES;on-demand;1;street;street;straight;fitted;hourglass;amber;chocolate-brown;XS;S;36.0;85.0;C;152.0;50.0;3.0;30-60;public-sector;1975-07-25;49.0;;casual;street
ce86ce410e4141d78b9514ac19893d92;FR;on-demand;1;street;street;straight;fitted;diamond;dark-brown;black;XL;XL;40.0;95.0;D;170.0;75.0;4.0;60-100;administration;1991-06-26;33.0;True;street;boho
52bc1d7e6c8a474b82a673a4adfd4423;FR;on-demand;0;street;street;straight;straight;oval;blue;blonde;XXL;XL;40.0;110.0;D;168.0;84.0;2.0;30-60;public-sector;1976-06-28;48.0;True;evening;street
287cd4480785430b83bb19f93318a7b7;DE;quarterly;0;street;casual;loose;straight;hourglass;blue;blonde;3XL;4XL;41.0;105.0;E;170.0;95.0;4.0;30-60;administration;1988-02-04;36.0;False;street;casual
8ff53ae3e0a64cb09af64c8dddc23322;DE;on-demand;0;casual;femenine;loose;straight;rectangle;blue;blonde;3XL;3XL;39.0;110.0;C;166.0;88.0;3.0;30-60;administration;1982-08-24;41.0;True;street;minimalist
cc9ae9dbfb1e4e69af9a6db46c7d9ad5;FR;bimonthly;0;casual;classic;fitted;loose;oval;dark-brown;black;L;L;41.0;100.0;C;172.0;88.0;2.0;30-60;executive;1978-09-01;45.0;True;casual;street
89e300ce945343b4ae4083754a9f2725;FR;on-demand;0;casual;classic;straight;loose;rectangle;hazel;blonde;XXL;4XL;39.0;110.0;C;170.0;102.0;3.0;60-100;other;1976-07-08;48.0;True;classic;casual
baacf2c1e82142399cea7fad41a22556;FR;on-demand;0;street;femenine;fitted;fitted;rectangle;hazel;chocolate-brown;L;L;38.0;105.0;E;158.0;73.0;3.0;30-60;industry;1988-06-20;36.0;True;street;
e00676de7d8148589bcdbfaf74a84001;UK;on-demand;0;street;femenine;loose;straight;hourglass;blue;chestnut-brown;L;L;39.0;80.0;E;162.56;;4.0;30-60;administration;1995-10-02;28.0;True;casual;minimalist
72f86a405c114de4a24ea9464b6a47a6;DE;on-demand;0;classic;femenine;fitted;fitted;hourglass;blue;chocolate-brown;XL;XL;40.0;100.0;E;170.0;85.0;3.0;30-60;health;1970-09-03;53.0;True;classic;evening
fbd80db825854ff498f2ede91d68f471;FR;on-demand;0;classic;street;loose;straight;rectangle;hazel;chestnut-brown;L;L;39.0;95.0;D;168.0;69.0;3.0;30-60;industry;1982-01-31;42.0;True;classic;boho
46d6a526c27440e882a9fd7373145dfe;ES;on-demand;0;classic;casual;fitted;straight;diamond;hazel;chestnut-brown;L;XL;39.0;95.0;D;161.0;63.0;2.0;30-60;homemaker;1967-07-31;57.0;True;evening;classic
d2d66b4db86a4d1eaa71b678cf785cf5;IT;monthly;0;casual;street;fitted;fitted;triangle;blue;chestnut-brown;S;M;37.0;90.0;B;163.0;46.0;2.0;30-60;administration;1986-02-26;38.0;False;casual;
c04bd7144d0c4438a3b7f9040ed9549b;DE;on-demand;0;casual;street;fitted;fitted;rectangle;blue;grey-platinum;S;S;37.0;95.0;B;170.0;56.0;2.0;60-100;administration;1971-02-24;53.0;True;casual;
fe32c44bc7844dab94cf4a6e0561fdbd;FR;monthly;1;femenine;street;fitted;fitted;rectangle;blue;chestnut-brown;S;S;39.0;85.0;B;160.0;52.0;1.0;30-60;education;1989-05-15;35.0;True;street;minimalist
0d65c4e4783843238640f5e86f8d5a92;FR;quarterly;0;street;casual;fitted;loose;oval;hazel;chestnut-brown;L;L;39.0;105.0;D;176.0;80.0;5.0;60-100;other;1980-01-21;44.0;True;boho;evening
9426169493674df0bde1f727f1ad4247;UK;monthly;0;casual;street;loose;fitted;hourglass;blue;blonde;XL;L;38.0;95.0;DD;162.56;65.77;2.0;30-60;administration;1969-09-08;54.0;True;casual;classic
dff2efe65f7545588a200896dec6c66f;DE;on-demand;1;street;street;loose;straight;oval;blue;blonde;L;L;39.0;100.0;C;162.0;67.0;3.0;60-100;administration;1972-02-19;52.0;True;casual;street
12396bf3944a4b4a9e77401af012b04a;DE;on-demand;0;classic;classic;loose;fitted;oval;blue;blonde;XL;XL;37.0;95.0;F;158.0;79.0;3.0;100+;other;1978-03-06;46.0;False;classic;street
d897293cfa134d53a717521430782460;ES;on-demand;0;street;street;loose;straight;triangle;amber;blonde;L;L;38.0;95.0;;158.0;70.0;3.0;30-60;education;1982-02-22;42.0;True;street;boho
641671b1f5b74f70ba3b7bedc40dc5ca;DE;monthly;0;street;casual;fitted;fitted;hourglass;hazel;blonde;L;L;40.0;100.0;C;164.0;74.0;3.0;100+;homemaker;1987-02-25;37.0;True;boho;street
5ed17f85789f40ea9fc24e0621314325;DE;on-demand;0;classic;classic;fitted;fitted;rectangle;green;blonde;S;M;39.0;95.0;A;170.0;61.0;2.0;100+;executive;1975-04-22;49.0;True;classic;minimalist
6787600e2d2143f2803be3d98f64d746;FR;on-demand;0;classic;femenine;straight;loose;rectangle;dark-brown;black;M;L;39.0;95.0;C;165.0;63.0;5.0;100+;executive;1973-05-09;51.0;;minimalist;boho
60f33d3950484f51a287073d34bcd132;FR;quarterly;0;casual;street;straight;straight;triangle;hazel;chestnut-brown;L;L;37.0;95.0;D;150.0;62.0;3.0;30-60;other;1972-07-20;52.0;True;boho;street
85d48ec62a0145639744cab6735e25fd;FR;on-demand;1;casual;casual;fitted;fitted;triangle;hazel;black;M;L;40.0;95.0;B;170.0;60.0;3.0;30-60;health;1990-02-15;34.0;True;boho;evening
0ddadb49dbab41809b8b45aff9024ada;FR;on-demand;0;street;casual;straight;straight;rectangle;grey;chestnut-brown;XL;XXL;42.0;95.0;B;179.0;82.0;2.0;60-100;executive;1982-02-05;42.0;True;street;classic
69446a3021f54f1aa1055060363e81ac;DE;on-demand;0;casual;femenine;loose;straight;hourglass;green;chocolate-brown;XL;L;38.0;100.0;C;165.0;75.0;5.0;30-60;industry;1964-08-25;59.0;True;boho;
0c3faeb4d8604b20b0f69339aa52b6d5;UK;on-demand;0;street;femenine;fitted;fitted;triangle;dark-brown;black;L;L;39.0;100.0;B;170.18;69.85;4.0;30-60;health;1985-03-25;39.0;True;evening;boho
28afb6f2fecb45508fb35ed818927b57;FR;on-demand;0;casual;classic;loose;straight;oval;blue;blonde;XL;XL;38.0;95.0;D;161.0;74.0;3.0;30-60;executive;1974-09-24;49.0;True;classic;
