color1,color2,score
000000,000081,0.4
000000,00008B,0.4
000000,0000FF,0.4
000000,0053A5,0.4
000000,008000,0.6
000000,153668,0.4
000000,164A0A,0.6
000000,3B6968,1.0
000000,40E0D0,0.6
000000,462C0E,0.6
000000,5C2F83,0.4
000000,5F5E5E,0.6
000000,614051,0.6
000000,640B22,0.6
000000,666633,0.8
000000,768597,0.6
000000,800000,0.6
000000,808080,0.6
000000,86BE2D,0.2
000000,87CEFA,0.6
000000,8E1D03,0.6
000000,9A8176,0.6
000000,A57E62,0.6
000000,B11730,0.4
000000,B3832E,0.6
000000,B5A45F,0.8
000000,B94600,0.4
000000,BBA9E4,0.6
000000,BBE2AD,0.6
000000,BCD2E7,0.6
000000,C19A6B,0.8
000000,C4DDCE,0.8
000000,C7A2A2,0.6
000000,C9C9C9,0.6
000000,D0455F,0.6
000000,D3D3D3,0.6
000000,D84936,0.6
000000,DEB24C,0.6
000000,DFC8B2,0.8
000000,E65A5B,0.6
000000,EBD6A7,0.6
000000,ECE9D6,0.8
000000,F29985,0.6
000000,FAAA6E,0.6
000000,FAC4DB,0.6
000000,FDF7B2,0.6
000000,FF00A8,0.4
000000,FFA500,0.6
000000,FFC0CB,0.6
000000,FFD200,0.6
000000,FFFF00,0.6
000000,FFFFFF,0.6
000081,00008B,0.6
000081,0000FF,0.2
000081,0053A5,0.4
000081,008000,0.4
000081,153668,0.4
000081,164A0A,0.4
000081,3B6968,0.6
000081,40E0D0,0.6
000081,462C0E,0.6
000081,5C2F83,0.4
000081,5F5E5E,0.6
000081,614051,0.6
000081,640B22,0.4
000081,666633,0.6
000081,768597,0.4
000081,800000,0.4
000081,808080,0.6
000081,86BE2D,0.6
000081,87CEFA,1.0
000081,8E1D03,0.6
000081,9A8176,0.6
000081,A57E62,0.6
000081,B11730,0.4
000081,B3832E,0.6
000081,B5A45F,0.8
000081,B94600,0.6
000081,BBA9E4,0.4
000081,BBE2AD,0.6
000081,BCD2E7,0.6
000081,C19A6B,0.8
000081,C4DDCE,0.8
000081,C7A2A2,0.8
000081,C9C9C9,0.8
000081,D0455F,0.4
000081,D3D3D3,0.8
000081,D84936,0.4
000081,DEB24C,0.6
000081,DFC8B2,0.8
000081,E65A5B,0.4
000081,EBD6A7,0.8
000081,ECE9D6,0.8
000081,F29985,0.6
000081,FAAA6E,0.6
000081,FAC4DB,0.8
000081,FDF7B2,0.6
000081,FF00A8,0.4
000081,FFA500,0.6
000081,FFC0CB,0.8
000081,FFD200,0.6
000081,FFFF00,0.6
000081,FFFFFF,0.8
00008B,0000FF,0.2
00008B,0053A5,0.4
00008B,008000,0.4
00008B,153668,0.6
00008B,164A0A,0.4
00008B,3B6968,0.4
00008B,40E0D0,0.6
00008B,462C0E,0.6
00008B,5C2F83,0.4
00008B,5F5E5E,0.6
00008B,614051,0.4
00008B,640B22,0.4
00008B,666633,0.6
00008B,768597,0.4
00008B,800000,0.4
00008B,808080,0.6
00008B,86BE2D,0.6
00008B,87CEFA,0.6
00008B,8E1D03,0.6
00008B,9A8176,0.6
00008B,A57E62,0.6
00008B,B11730,0.4
00008B,B3832E,0.6
00008B,B5A45F,0.8
00008B,B94600,0.4
00008B,BBA9E4,0.4
00008B,BBE2AD,0.6
00008B,BCD2E7,0.6
00008B,C19A6B,1.0
00008B,C4DDCE,0.8
00008B,C7A2A2,0.8
00008B,C9C9C9,0.8
00008B,D0455F,0.4
00008B,D3D3D3,0.8
00008B,D84936,0.4
00008B,DEB24C,0.6
00008B,DFC8B2,0.8
00008B,E65A5B,0.4
00008B,EBD6A7,0.8
00008B,ECE9D6,0.8
00008B,F29985,0.6
00008B,FAAA6E,0.6
00008B,FAC4DB,0.8
00008B,FDF7B2,0.6
00008B,FF00A8,0.4
00008B,FFA500,0.6
00008B,FFC0CB,0.8
00008B,FFD200,0.6
00008B,FFFF00,0.6
00008B,FFFFFF,0.8
0000FF,0053A5,0.2
0000FF,008000,0.2
0000FF,153668,0.2
0000FF,164A0A,0.2
0000FF,3B6968,0.2
0000FF,40E0D0,0.4
0000FF,462C0E,0.4
0000FF,5C2F83,0.2
0000FF,5F5E5E,0.4
0000FF,614051,0.4
0000FF,640B22,0.2
0000FF,666633,0.4
0000FF,768597,0.2
0000FF,800000,0.4
0000FF,808080,0.4
0000FF,86BE2D,0.4
0000FF,87CEFA,0.8
0000FF,8E1D03,0.4
0000FF,9A8176,0.4
0000FF,A57E62,0.2
0000FF,B11730,0.2
0000FF,B3832E,0.6
0000FF,B5A45F,0.4
0000FF,B94600,0.4
0000FF,BBA9E4,0.2
0000FF,BBE2AD,0.4
0000FF,BCD2E7,0.2
0000FF,C19A6B,0.4
0000FF,C4DDCE,0.4
0000FF,C7A2A2,0.4
0000FF,C9C9C9,0.6
0000FF,D0455F,0.2
0000FF,D3D3D3,0.6
0000FF,D84936,0.4
0000FF,DEB24C,0.4
0000FF,DFC8B2,0.4
0000FF,E65A5B,0.2
0000FF,EBD6A7,0.4
0000FF,ECE9D6,0.4
0000FF,F29985,0.4
0000FF,FAAA6E,0.4
0000FF,FAC4DB,0.4
0000FF,FDF7B2,0.2
0000FF,FF00A8,0.2
0000FF,FFA500,0.4
0000FF,FFC0CB,0.4
0000FF,FFD200,0.4
0000FF,FFFF00,0.4
0000FF,FFFFFF,0.6
0053A5,008000,0.4
0053A5,153668,0.2
0053A5,164A0A,0.2
0053A5,3B6968,0.4
0053A5,40E0D0,0.4
0053A5,462C0E,0.4
0053A5,5C2F83,0.2
0053A5,5F5E5E,0.4
0053A5,614051,0.4
0053A5,640B22,0.4
0053A5,666633,0.4
0053A5,768597,0.2
0053A5,800000,0.4
0053A5,808080,0.6
0053A5,86BE2D,0.4
0053A5,87CEFA,0.2
0053A5,8E1D03,0.4
0053A5,9A8176,0.6
0053A5,A57E62,0.6
0053A5,B11730,0.2
0053A5,B3832E,0.4
0053A5,B5A45F,0.6
0053A5,B94600,0.4
0053A5,BBA9E4,0.2
0053A5,BBE2AD,0.4
0053A5,BCD2E7,0.2
0053A5,C19A6B,0.6
0053A5,C4DDCE,0.6
0053A5,C7A2A2,0.6
0053A5,C9C9C9,0.8
0053A5,D0455F,0.4
0053A5,D3D3D3,0.8
0053A5,D84936,0.4
0053A5,DEB24C,0.4
0053A5,DFC8B2,0.6
0053A5,E65A5B,0.4
0053A5,EBD6A7,0.6
0053A5,ECE9D6,0.8
0053A5,F29985,0.4
0053A5,FAAA6E,0.6
0053A5,FAC4DB,0.6
0053A5,FDF7B2,0.6
0053A5,FF00A8,0.2
0053A5,FFA500,0.4
0053A5,FFC0CB,0.6
0053A5,FFD200,0.4
0053A5,FFFF00,0.4
0053A5,FFFFFF,1.0
008000,153668,0.4
008000,164A0A,0.4
008000,3B6968,0.4
008000,40E0D0,0.4
008000,462C0E,0.4
008000,5C2F83,0.4
008000,5F5E5E,0.6
008000,614051,0.6
008000,640B22,0.4
008000,666633,0.6
008000,768597,0.4
008000,800000,0.6
008000,808080,0.6
008000,86BE2D,0.4
008000,87CEFA,0.4
008000,8E1D03,0.4
008000,9A8176,0.6
008000,A57E62,0.6
008000,B11730,0.4
008000,B3832E,0.4
008000,B5A45F,0.6
008000,B94600,0.4
008000,BBA9E4,0.4
008000,BBE2AD,0.4
008000,BCD2E7,0.4
008000,C19A6B,0.6
008000,C4DDCE,0.6
008000,C7A2A2,0.8
008000,C9C9C9,0.8
008000,D0455F,0.4
008000,D3D3D3,0.8
008000,D84936,0.4
008000,DEB24C,0.4
008000,DFC8B2,0.8
008000,E65A5B,0.4
008000,EBD6A7,0.6
008000,ECE9D6,0.8
008000,F29985,0.6
008000,FAAA6E,0.6
008000,FAC4DB,0.6
008000,FDF7B2,0.6
008000,FF00A8,0.4
008000,FFA500,0.4
008000,FFC0CB,0.6
008000,FFD200,0.6
008000,FFFF00,0.6
008000,FFFFFF,0.8
153668,164A0A,0.4
153668,3B6968,0.4
153668,40E0D0,0.4
153668,462C0E,0.4
153668,5C2F83,0.2
153668,5F5E5E,0.6
153668,614051,0.4
153668,640B22,0.4
153668,666633,1.0
153668,768597,0.4
153668,800000,0.4
153668,808080,0.6
153668,86BE2D,0.4
153668,87CEFA,0.4
153668,8E1D03,0.4
153668,9A8176,0.8
153668,A57E62,0.8
153668,B11730,0.2
153668,B3832E,0.6
153668,B5A45F,0.8
153668,B94600,0.4
153668,BBA9E4,0.4
153668,BBE2AD,0.6
153668,BCD2E7,0.4
153668,C19A6B,0.8
153668,C4DDCE,0.6
153668,C7A2A2,0.8
153668,C9C9C9,0.8
153668,D0455F,0.4
153668,D3D3D3,0.8
153668,D84936,0.4
153668,DEB24C,0.6
153668,DFC8B2,0.8
153668,E65A5B,0.4
153668,EBD6A7,0.6
153668,ECE9D6,1.0
153668,F29985,0.6
153668,FAAA6E,0.6
153668,FAC4DB,0.6
153668,FDF7B2,0.6
153668,FF00A8,0.2
153668,FFA500,0.6
153668,FFC0CB,0.6
153668,FFD200,0.6
153668,FFFF00,0.6
153668,FFFFFF,0.8
164A0A,3B6968,0.6
164A0A,40E0D0,0.4
164A0A,462C0E,0.4
164A0A,5C2F83,0.4
164A0A,5F5E5E,0.6
164A0A,614051,0.4
164A0A,640B22,0.4
164A0A,666633,0.6
164A0A,768597,0.6
164A0A,800000,0.4
164A0A,808080,0.6
164A0A,86BE2D,0.4
164A0A,87CEFA,0.4
164A0A,8E1D03,0.4
164A0A,9A8176,0.6
164A0A,A57E62,0.6
164A0A,B11730,0.2
164A0A,B3832E,0.4
164A0A,B5A45F,0.6
164A0A,B94600,0.4
164A0A,BBA9E4,0.4
164A0A,BBE2AD,0.4
164A0A,BCD2E7,0.4
164A0A,C19A6B,0.6
164A0A,C4DDCE,0.6
164A0A,C7A2A2,0.8
164A0A,C9C9C9,0.8
164A0A,D0455F,0.4
164A0A,D3D3D3,0.8
164A0A,D84936,0.4
164A0A,DEB24C,0.4
164A0A,DFC8B2,0.8
164A0A,E65A5B,0.4
164A0A,EBD6A7,0.6
164A0A,ECE9D6,0.8
164A0A,F29985,0.6
164A0A,FAAA6E,0.6
164A0A,FAC4DB,0.6
164A0A,FDF7B2,0.6
164A0A,FF00A8,0.4
164A0A,FFA500,0.4
164A0A,FFC0CB,0.6
164A0A,FFD200,0.4
164A0A,FFFF00,0.4
164A0A,FFFFFF,0.8
3B6968,40E0D0,0.4
3B6968,462C0E,0.6
3B6968,5C2F83,0.4
3B6968,5F5E5E,0.6
3B6968,614051,0.6
3B6968,640B22,0.6
3B6968,666633,0.6
3B6968,768597,0.4
3B6968,800000,0.6
3B6968,808080,0.4
3B6968,86BE2D,0.4
3B6968,87CEFA,0.4
3B6968,8E1D03,0.4
3B6968,9A8176,0.6
3B6968,A57E62,0.6
3B6968,B11730,0.4
3B6968,B3832E,0.4
3B6968,B5A45F,0.8
3B6968,B94600,0.4
3B6968,BBA9E4,0.4
3B6968,BBE2AD,0.6
3B6968,BCD2E7,0.4
3B6968,C19A6B,0.8
3B6968,C4DDCE,0.6
3B6968,C7A2A2,0.8
3B6968,C9C9C9,0.8
3B6968,D0455F,0.4
3B6968,D3D3D3,0.6
3B6968,D84936,0.4
3B6968,DEB24C,0.6
3B6968,DFC8B2,0.8
3B6968,E65A5B,0.4
3B6968,EBD6A7,0.6
3B6968,ECE9D6,0.8
3B6968,F29985,0.6
3B6968,FAAA6E,0.6
3B6968,FAC4DB,0.6
3B6968,FDF7B2,0.6
3B6968,FF00A8,0.4
3B6968,FFA500,0.6
3B6968,FFC0CB,0.6
3B6968,FFD200,0.4
3B6968,FFFF00,0.6
3B6968,FFFFFF,0.8
40E0D0,462C0E,0.4
40E0D0,5C2F83,0.2
40E0D0,5F5E5E,0.6
40E0D0,614051,0.4
40E0D0,640B22,0.4
40E0D0,666633,0.4
40E0D0,768597,0.4
40E0D0,800000,0.4
40E0D0,808080,0.6
40E0D0,86BE2D,0.2
40E0D0,87CEFA,0.2
40E0D0,8E1D03,0.4
40E0D0,9A8176,0.6
40E0D0,A57E62,0.4
40E0D0,B11730,0.4
40E0D0,B3832E,0.4
40E0D0,B5A45F,0.4
40E0D0,B94600,0.4
40E0D0,BBA9E4,0.2
40E0D0,BBE2AD,0.2
40E0D0,BCD2E7,0.2
40E0D0,C19A6B,0.4
40E0D0,C4DDCE,0.2
40E0D0,C7A2A2,0.4
40E0D0,C9C9C9,0.6
40E0D0,D0455F,0.2
40E0D0,D3D3D3,0.6
40E0D0,D84936,0.4
40E0D0,DEB24C,0.2
40E0D0,DFC8B2,0.4
40E0D0,E65A5B,0.4
40E0D0,EBD6A7,0.4
40E0D0,ECE9D6,0.4
40E0D0,F29985,0.4
40E0D0,FAAA6E,0.4
40E0D0,FAC4DB,0.2
40E0D0,FDF7B2,0.2
40E0D0,FF00A8,0.2
40E0D0,FFA500,0.4
40E0D0,FFC0CB,0.2
40E0D0,FFD200,0.2
40E0D0,FFFF00,0.2
40E0D0,FFFFFF,0.6
462C0E,5C2F83,0.4
462C0E,5F5E5E,0.6
462C0E,614051,0.4
462C0E,640B22,0.4
462C0E,666633,0.6
462C0E,768597,0.6
462C0E,800000,0.4
462C0E,808080,0.6
462C0E,86BE2D,0.4
462C0E,87CEFA,0.4
462C0E,8E1D03,0.4
462C0E,9A8176,0.6
462C0E,A57E62,0.6
462C0E,B11730,0.4
462C0E,B3832E,0.4
462C0E,B5A45F,0.6
462C0E,B94600,0.4
462C0E,BBA9E4,0.4
462C0E,BBE2AD,0.4
462C0E,BCD2E7,0.6
462C0E,C19A6B,0.6
462C0E,C4DDCE,0.8
462C0E,C7A2A2,0.8
462C0E,C9C9C9,0.8
462C0E,D0455F,0.4
462C0E,D3D3D3,0.8
462C0E,D84936,0.4
462C0E,DEB24C,0.4
462C0E,DFC8B2,0.6
462C0E,E65A5B,0.4
462C0E,EBD6A7,0.6
462C0E,ECE9D6,0.6
462C0E,F29985,0.6
462C0E,FAAA6E,0.6
462C0E,FAC4DB,0.6
462C0E,FDF7B2,0.4
462C0E,FF00A8,0.0
462C0E,FFA500,0.4
462C0E,FFC0CB,0.6
462C0E,FFD200,0.4
462C0E,FFFF00,0.4
462C0E,FFFFFF,0.8
5C2F83,5F5E5E,0.6
5C2F83,614051,0.4
5C2F83,640B22,0.4
5C2F83,666633,0.4
5C2F83,768597,0.4
5C2F83,800000,0.4
5C2F83,808080,0.6
5C2F83,86BE2D,0.4
5C2F83,87CEFA,0.2
5C2F83,8E1D03,0.4
5C2F83,9A8176,0.6
5C2F83,A57E62,0.4
5C2F83,B11730,0.4
5C2F83,B3832E,0.4
5C2F83,B5A45F,0.4
5C2F83,B94600,0.4
5C2F83,BBA9E4,0.2
5C2F83,BBE2AD,0.4
5C2F83,BCD2E7,0.4
5C2F83,C19A6B,0.4
5C2F83,C4DDCE,0.4
5C2F83,C7A2A2,0.4
5C2F83,C9C9C9,0.6
5C2F83,D0455F,0.4
5C2F83,D3D3D3,0.6
5C2F83,D84936,0.4
5C2F83,DEB24C,0.4
5C2F83,DFC8B2,0.4
5C2F83,E65A5B,0.4
5C2F83,EBD6A7,0.4
5C2F83,ECE9D6,0.6
5C2F83,F29985,0.4
5C2F83,FAAA6E,0.4
5C2F83,FAC4DB,0.4
5C2F83,FDF7B2,0.4
5C2F83,FF00A8,0.2
5C2F83,FFA500,0.4
5C2F83,FFC0CB,0.4
5C2F83,FFD200,0.4
5C2F83,FFFF00,0.4
5C2F83,FFFFFF,0.8
5F5E5E,614051,0.4
5F5E5E,640B22,0.4
5F5E5E,666633,0.4
5F5E5E,768597,0.4
5F5E5E,800000,0.4
5F5E5E,808080,0.6
5F5E5E,86BE2D,0.4
5F5E5E,87CEFA,0.2
5F5E5E,8E1D03,0.4
5F5E5E,9A8176,0.4
5F5E5E,A57E62,0.4
5F5E5E,B11730,0.4
5F5E5E,B3832E,0.4
5F5E5E,B5A45F,0.4
5F5E5E,B94600,0.4
5F5E5E,BBA9E4,0.2
5F5E5E,BBE2AD,0.2
5F5E5E,BCD2E7,0.2
5F5E5E,C19A6B,0.4
5F5E5E,C4DDCE,0.4
5F5E5E,C7A2A2,0.4
5F5E5E,C9C9C9,0.6
5F5E5E,D0455F,0.4
5F5E5E,D3D3D3,0.6
5F5E5E,D84936,0.4
5F5E5E,DEB24C,0.4
5F5E5E,DFC8B2,0.4
5F5E5E,E65A5B,0.4
5F5E5E,EBD6A7,0.4
5F5E5E,ECE9D6,0.6
5F5E5E,F29985,0.4
5F5E5E,FAAA6E,0.4
5F5E5E,FAC4DB,0.4
5F5E5E,FDF7B2,0.4
5F5E5E,FF00A8,0.4
5F5E5E,FFA500,0.4
5F5E5E,FFC0CB,0.4
5F5E5E,FFD200,0.4
5F5E5E,FFFF00,0.4
5F5E5E,FFFFFF,0.6
614051,640B22,0.4
614051,666633,0.6
614051,768597,0.6
614051,800000,0.6
614051,808080,0.6
614051,86BE2D,0.6
614051,87CEFA,0.4
614051,8E1D03,0.4
614051,9A8176,0.6
614051,A57E62,0.8
614051,B11730,0.4
614051,B3832E,0.6
614051,B5A45F,0.8
614051,B94600,0.6
614051,BBA9E4,0.4
614051,BBE2AD,0.6
614051,BCD2E7,0.6
614051,C19A6B,0.8
614051,C4DDCE,0.8
614051,C7A2A2,0.8
614051,C9C9C9,0.8
614051,D0455F,0.4
614051,D3D3D3,0.8
614051,D84936,0.2
614051,DEB24C,0.6
614051,DFC8B2,0.8
614051,E65A5B,0.6
614051,EBD6A7,0.6
614051,ECE9D6,0.8
614051,F29985,0.6
614051,FAAA6E,0.6
614051,FAC4DB,0.6
614051,FDF7B2,0.6
614051,FF00A8,0.4
614051,FFA500,0.6
614051,FFC0CB,0.6
614051,FFD200,0.6
614051,FFFF00,0.6
614051,FFFFFF,0.8
640B22,666633,0.6
640B22,768597,0.6
640B22,800000,0.6
640B22,808080,0.6
640B22,86BE2D,0.6
640B22,87CEFA,0.6
640B22,8E1D03,0.6
640B22,9A8176,0.6
640B22,A57E62,0.8
640B22,B11730,0.4
640B22,B3832E,0.6
640B22,B5A45F,0.8
640B22,B94600,0.6
640B22,BBA9E4,0.6
640B22,BBE2AD,0.8
640B22,BCD2E7,0.6
640B22,C19A6B,0.6
640B22,C4DDCE,1.0
640B22,C7A2A2,0.8
640B22,C9C9C9,0.8
640B22,D0455F,0.4
640B22,D3D3D3,0.8
640B22,D84936,0.6
640B22,DEB24C,0.6
640B22,DFC8B2,0.8
640B22,E65A5B,0.4
640B22,EBD6A7,0.6
640B22,ECE9D6,0.8
640B22,F29985,0.8
640B22,FAAA6E,0.6
640B22,FAC4DB,0.6
640B22,FDF7B2,0.6
640B22,FF00A8,0.4
640B22,FFA500,0.6
640B22,FFC0CB,0.6
640B22,FFD200,0.6
640B22,FFFF00,0.6
640B22,FFFFFF,0.8
666633,768597,0.4
666633,800000,0.4
666633,808080,0.6
666633,86BE2D,0.4
666633,87CEFA,0.4
666633,8E1D03,0.4
666633,9A8176,0.6
666633,A57E62,0.6
666633,B11730,0.4
666633,B3832E,0.4
666633,B5A45F,0.6
666633,B94600,0.4
666633,BBA9E4,0.4
666633,BBE2AD,0.4
666633,BCD2E7,0.4
666633,C19A6B,0.6
666633,C4DDCE,0.8
666633,C7A2A2,0.8
666633,C9C9C9,0.8
666633,D0455F,0.4
666633,D3D3D3,0.8
666633,D84936,0.4
666633,DEB24C,0.4
666633,DFC8B2,0.6
666633,E65A5B,0.2
666633,EBD6A7,0.4
666633,ECE9D6,0.6
666633,F29985,0.6
666633,FAAA6E,0.6
666633,FAC4DB,0.6
666633,FDF7B2,0.4
666633,FF00A8,0.4
666633,FFA500,0.4
666633,FFC0CB,0.4
666633,FFD200,0.4
666633,FFFF00,0.4
666633,FFFFFF,0.8
768597,800000,0.4
768597,808080,0.4
768597,86BE2D,0.2
768597,87CEFA,0.2
768597,8E1D03,0.4
768597,9A8176,0.4
768597,A57E62,0.2
768597,B11730,0.4
768597,B3832E,0.4
768597,B5A45F,0.2
768597,B94600,0.4
768597,BBA9E4,0.2
768597,BBE2AD,0.2
768597,BCD2E7,0.2
768597,C19A6B,0.2
768597,C4DDCE,0.4
768597,C7A2A2,0.2
768597,C9C9C9,0.6
768597,D0455F,0.2
768597,D3D3D3,0.6
768597,D84936,0.2
768597,DEB24C,0.2
768597,DFC8B2,0.2
768597,E65A5B,0.2
768597,EBD6A7,0.2
768597,ECE9D6,0.4
768597,F29985,0.2
768597,FAAA6E,0.4
768597,FAC4DB,0.4
768597,FDF7B2,0.2
768597,FF00A8,0.4
768597,FFA500,0.2
768597,FFC0CB,0.2
768597,FFD200,0.4
768597,FFFF00,0.2
768597,FFFFFF,0.6
800000,808080,0.6
800000,86BE2D,0.4
800000,87CEFA,0.6
800000,8E1D03,0.4
800000,9A8176,0.6
800000,A57E62,0.6
800000,B11730,0.4
800000,B3832E,0.4
800000,B5A45F,0.6
800000,B94600,0.4
800000,BBA9E4,0.4
800000,BBE2AD,0.6
800000,BCD2E7,0.6
800000,C19A6B,0.6
800000,C4DDCE,0.8
800000,C7A2A2,0.6
800000,C9C9C9,0.6
800000,D0455F,0.4
800000,D3D3D3,0.6
800000,D84936,0.4
800000,DEB24C,0.6
800000,DFC8B2,0.8
800000,E65A5B,0.2
800000,EBD6A7,0.6
800000,ECE9D6,0.8
800000,F29985,0.6
800000,FAAA6E,0.6
800000,FAC4DB,0.6
800000,FDF7B2,0.6
800000,FF00A8,0.4
800000,FFA500,0.6
800000,FFC0CB,0.6
800000,FFD200,0.6
800000,FFFF00,0.6
800000,FFFFFF,0.6
808080,86BE2D,0.4
808080,87CEFA,0.4
808080,8E1D03,0.4
808080,9A8176,0.4
808080,A57E62,0.4
808080,B11730,0.4
808080,B3832E,0.4
808080,B5A45F,0.4
808080,B94600,0.4
808080,BBA9E4,0.2
808080,BBE2AD,0.4
808080,BCD2E7,0.2
808080,C19A6B,0.4
808080,C4DDCE,0.4
808080,C7A2A2,0.4
808080,C9C9C9,0.6
808080,D0455F,0.4
808080,D3D3D3,0.6
808080,D84936,0.4
808080,DEB24C,0.4
808080,DFC8B2,0.4
808080,E65A5B,0.4
808080,EBD6A7,0.4
808080,ECE9D6,0.6
808080,F29985,0.4
808080,FAAA6E,0.4
808080,FAC4DB,0.4
808080,FDF7B2,0.4
808080,FF00A8,0.4
808080,FFA500,0.4
808080,FFC0CB,0.4
808080,FFD200,0.4
808080,FFFF00,0.4
808080,FFFFFF,0.6
86BE2D,87CEFA,0.0
86BE2D,8E1D03,0.4
86BE2D,9A8176,0.6
86BE2D,A57E62,0.4
86BE2D,B11730,0.2
86BE2D,B3832E,0.4
86BE2D,B5A45F,0.2
86BE2D,B94600,0.4
86BE2D,BBA9E4,0.0
86BE2D,BBE2AD,0.2
86BE2D,BCD2E7,0.2
86BE2D,C19A6B,0.4
86BE2D,C4DDCE,0.4
86BE2D,C7A2A2,0.2
86BE2D,C9C9C9,0.6
86BE2D,D0455F,0.2
86BE2D,D3D3D3,0.8
86BE2D,D84936,0.4
86BE2D,DEB24C,0.2
86BE2D,DFC8B2,0.4
86BE2D,E65A5B,0.2
86BE2D,EBD6A7,0.4
86BE2D,ECE9D6,0.4
86BE2D,F29985,0.4
86BE2D,FAAA6E,0.4
86BE2D,FAC4DB,0.2
86BE2D,FDF7B2,0.2
86BE2D,FF00A8,0.2
86BE2D,FFA500,0.4
86BE2D,FFC0CB,0.2
86BE2D,FFD200,0.2
86BE2D,FFFF00,0.2
86BE2D,FFFFFF,0.8
87CEFA,8E1D03,0.4
87CEFA,9A8176,0.6
87CEFA,A57E62,0.4
87CEFA,B11730,0.2
87CEFA,B3832E,0.4
87CEFA,B5A45F,0.2
87CEFA,B94600,0.2
87CEFA,BBA9E4,0.0
87CEFA,BBE2AD,0.2
87CEFA,BCD2E7,0.0
87CEFA,C19A6B,0.4
87CEFA,C4DDCE,0.2
87CEFA,C7A2A2,0.4
87CEFA,C9C9C9,0.6
87CEFA,D0455F,0.2
87CEFA,D3D3D3,0.6
87CEFA,D84936,0.2
87CEFA,DEB24C,0.2
87CEFA,DFC8B2,0.2
87CEFA,E65A5B,0.2
87CEFA,EBD6A7,0.2
87CEFA,ECE9D6,0.2
87CEFA,F29985,0.2
87CEFA,FAAA6E,0.2
87CEFA,FAC4DB,0.2
87CEFA,FDF7B2,0.2
87CEFA,FF00A8,0.2
87CEFA,FFA500,0.2
87CEFA,FFC0CB,0.2
87CEFA,FFD200,0.2
87CEFA,FFFF00,0.2
87CEFA,FFFFFF,0.6
8E1D03,9A8176,0.6
8E1D03,A57E62,0.6
8E1D03,B11730,0.4
8E1D03,B3832E,0.4
8E1D03,B5A45F,0.6
8E1D03,B94600,0.4
8E1D03,BBA9E4,0.2
8E1D03,BBE2AD,0.0
8E1D03,BCD2E7,0.4
8E1D03,C19A6B,0.6
8E1D03,C4DDCE,0.6
8E1D03,C7A2A2,0.6
8E1D03,C9C9C9,0.6
8E1D03,D0455F,0.4
8E1D03,D3D3D3,0.6
8E1D03,D84936,0.4
8E1D03,DEB24C,0.4
8E1D03,DFC8B2,0.6
8E1D03,E65A5B,0.4
8E1D03,EBD6A7,0.6
8E1D03,ECE9D6,0.8
8E1D03,F29985,0.6
8E1D03,FAAA6E,0.6
8E1D03,FAC4DB,0.6
8E1D03,FDF7B2,0.6
8E1D03,FF00A8,0.4
8E1D03,FFA500,0.4
8E1D03,FFC0CB,0.6
8E1D03,FFD200,0.6
8E1D03,FFFF00,0.4
8E1D03,FFFFFF,0.8
9A8176,A57E62,0.4
9A8176,B11730,0.4
9A8176,B3832E,0.4
9A8176,B5A45F,0.2
9A8176,B94600,0.4
9A8176,BBA9E4,0.2
9A8176,BBE2AD,0.2
9A8176,BCD2E7,0.2
9A8176,C19A6B,0.4
9A8176,C4DDCE,0.4
9A8176,C7A2A2,0.4
9A8176,C9C9C9,0.6
9A8176,D0455F,0.2
9A8176,D3D3D3,0.6
9A8176,D84936,0.2
9A8176,DEB24C,0.2
9A8176,DFC8B2,0.4
9A8176,E65A5B,0.2
9A8176,EBD6A7,0.2
9A8176,ECE9D6,0.4
9A8176,F29985,0.2
9A8176,FAAA6E,0.4
9A8176,FAC4DB,0.4
9A8176,FDF7B2,0.4
9A8176,FF00A8,0.4
9A8176,FFA500,0.2
9A8176,FFC0CB,0.4
9A8176,FFD200,0.4
9A8176,FFFF00,0.0
9A8176,FFFFFF,0.6
A57E62,B11730,0.4
A57E62,B3832E,0.4
A57E62,B5A45F,0.2
A57E62,B94600,0.4
A57E62,BBA9E4,0.2
A57E62,BBE2AD,0.4
A57E62,BCD2E7,0.2
A57E62,C19A6B,0.4
A57E62,C4DDCE,0.4
A57E62,C7A2A2,0.4
A57E62,C9C9C9,0.6
A57E62,D0455F,0.2
A57E62,D3D3D3,0.6
A57E62,D84936,0.4
A57E62,DEB24C,0.4
A57E62,DFC8B2,0.4
A57E62,E65A5B,0.2
A57E62,EBD6A7,0.4
A57E62,ECE9D6,0.4
A57E62,F29985,0.2
A57E62,FAAA6E,0.4
A57E62,FAC4DB,0.4
A57E62,FDF7B2,0.4
A57E62,FF00A8,0.4
A57E62,FFA500,0.4
A57E62,FFC0CB,0.2
A57E62,FFD200,0.4
A57E62,FFFF00,0.4
A57E62,FFFFFF,0.6
B11730,B3832E,0.4
B11730,B5A45F,0.4
B11730,B94600,0.4
B11730,BBA9E4,0.2
B11730,BBE2AD,0.4
B11730,BCD2E7,0.2
B11730,C19A6B,0.4
B11730,C4DDCE,0.4
B11730,C7A2A2,0.2
B11730,C9C9C9,0.6
B11730,D0455F,0.4
B11730,D3D3D3,0.6
B11730,D84936,0.4
B11730,DEB24C,0.4
B11730,DFC8B2,0.4
B11730,E65A5B,0.4
B11730,EBD6A7,0.4
B11730,ECE9D6,0.6
B11730,F29985,0.4
B11730,FAAA6E,0.4
B11730,FAC4DB,0.4
B11730,FDF7B2,0.4
B11730,FF00A8,0.4
B11730,FFA500,0.2
B11730,FFC0CB,0.4
B11730,FFD200,0.4
B11730,FFFF00,0.4
B11730,FFFFFF,0.8
B3832E,B5A45F,0.2
B3832E,B94600,0.4
B3832E,BBA9E4,0.0
B3832E,BBE2AD,0.2
B3832E,BCD2E7,0.2
B3832E,C19A6B,0.2
B3832E,C4DDCE,0.4
B3832E,C7A2A2,0.4
B3832E,C9C9C9,0.8
B3832E,D0455F,0.2
B3832E,D3D3D3,0.8
B3832E,D84936,0.4
B3832E,DEB24C,0.2
B3832E,DFC8B2,0.4
B3832E,E65A5B,0.0
B3832E,EBD6A7,0.2
B3832E,ECE9D6,0.4
B3832E,F29985,0.2
B3832E,FAAA6E,0.4
B3832E,FAC4DB,0.2
B3832E,FDF7B2,0.2
B3832E,FF00A8,0.4
B3832E,FFA500,0.4
B3832E,FFC0CB,0.4
B3832E,FFD200,0.2
B3832E,FFFF00,0.2
B3832E,FFFFFF,0.8
B5A45F,B94600,0.4
B5A45F,BBA9E4,0.2
B5A45F,BBE2AD,0.2
B5A45F,BCD2E7,0.2
B5A45F,C19A6B,0.4
B5A45F,C4DDCE,0.4
B5A45F,C7A2A2,0.4
B5A45F,C9C9C9,0.6
B5A45F,D0455F,0.2
B5A45F,D3D3D3,0.8
B5A45F,D84936,0.4
B5A45F,DEB24C,0.2
B5A45F,DFC8B2,0.4
B5A45F,E65A5B,0.2
B5A45F,EBD6A7,0.2
B5A45F,ECE9D6,0.4
B5A45F,F29985,0.4
B5A45F,FAAA6E,0.4
B5A45F,FAC4DB,0.4
B5A45F,FDF7B2,0.2
B5A45F,FF00A8,0.2
B5A45F,FFA500,0.2
B5A45F,FFC0CB,0.2
B5A45F,FFD200,0.2
B5A45F,FFFF00,0.2
B5A45F,FFFFFF,0.8
B94600,BBA9E4,0.2
B94600,BBE2AD,0.2
B94600,BCD2E7,0.2
B94600,C19A6B,0.4
B94600,C4DDCE,0.4
B94600,C7A2A2,0.4
B94600,C9C9C9,0.4
B94600,D0455F,0.4
B94600,D3D3D3,0.6
B94600,D84936,0.4
B94600,DEB24C,0.4
B94600,DFC8B2,0.4
B94600,E65A5B,0.4
B94600,EBD6A7,0.4
B94600,ECE9D6,0.6
B94600,F29985,0.4
B94600,FAAA6E,0.4
B94600,FAC4DB,0.4
B94600,FDF7B2,0.4
B94600,FF00A8,0.4
B94600,FFA500,0.4
B94600,FFC0CB,0.2
B94600,FFD200,0.4
B94600,FFFF00,0.4
B94600,FFFFFF,0.6
BBA9E4,BBE2AD,0.0
BBA9E4,BCD2E7,0.0
BBA9E4,C19A6B,0.2
BBA9E4,C4DDCE,0.2
BBA9E4,C7A2A2,0.2
BBA9E4,C9C9C9,0.6
BBA9E4,D0455F,0.2
BBA9E4,D3D3D3,0.6
BBA9E4,D84936,0.2
BBA9E4,DEB24C,0.0
BBA9E4,DFC8B2,0.2
BBA9E4,E65A5B,0.0
BBA9E4,EBD6A7,0.2
BBA9E4,ECE9D6,0.2
BBA9E4,F29985,0.2
BBA9E4,FAAA6E,0.2
BBA9E4,FAC4DB,0.2
BBA9E4,FDF7B2,0.2
BBA9E4,FF00A8,0.0
BBA9E4,FFA500,0.2
BBA9E4,FFC0CB,0.2
BBA9E4,FFD200,0.0
BBA9E4,FFFF00,0.0
BBA9E4,FFFFFF,0.6
BBE2AD,BCD2E7,0.0
BBE2AD,C19A6B,0.4
BBE2AD,C4DDCE,0.2
BBE2AD,C7A2A2,0.4
BBE2AD,C9C9C9,0.6
BBE2AD,D0455F,0.2
BBE2AD,D3D3D3,0.6
BBE2AD,D84936,0.4
BBE2AD,DEB24C,0.2
BBE2AD,DFC8B2,0.4
BBE2AD,E65A5B,0.2
BBE2AD,EBD6A7,0.2
BBE2AD,ECE9D6,0.0
BBE2AD,F29985,0.4
BBE2AD,FAAA6E,0.4
BBE2AD,FAC4DB,0.2
BBE2AD,FDF7B2,0.2
BBE2AD,FF00A8,0.2
BBE2AD,FFA500,0.2
BBE2AD,FFC0CB,0.0
BBE2AD,FFD200,0.2
BBE2AD,FFFF00,0.2
BBE2AD,FFFFFF,0.8
BCD2E7,C19A6B,0.4
BCD2E7,C4DDCE,0.0
BCD2E7,C7A2A2,0.4
BCD2E7,C9C9C9,0.6
BCD2E7,D0455F,0.2
BCD2E7,D3D3D3,0.6
BCD2E7,D84936,0.2
BCD2E7,DEB24C,0.2
BCD2E7,DFC8B2,0.2
BCD2E7,E65A5B,0.2
BCD2E7,EBD6A7,0.2
BCD2E7,ECE9D6,0.2
BCD2E7,F29985,0.2
BCD2E7,FAAA6E,0.2
BCD2E7,FAC4DB,0.2
BCD2E7,FDF7B2,0.2
BCD2E7,FF00A8,0.2
BCD2E7,FFA500,0.2
BCD2E7,FFC0CB,0.2
BCD2E7,FFD200,0.2
BCD2E7,FFFF00,0.0
BCD2E7,FFFFFF,0.6
C19A6B,C4DDCE,0.4
C19A6B,C7A2A2,0.4
C19A6B,C9C9C9,0.6
C19A6B,D0455F,0.2
C19A6B,D3D3D3,0.8
C19A6B,D84936,0.2
C19A6B,DEB24C,0.2
C19A6B,DFC8B2,0.4
C19A6B,E65A5B,0.2
C19A6B,EBD6A7,0.2
C19A6B,ECE9D6,0.4
C19A6B,F29985,0.2
C19A6B,FAAA6E,0.4
C19A6B,FAC4DB,0.2
C19A6B,FDF7B2,0.2
C19A6B,FF00A8,0.2
C19A6B,FFA500,0.2
C19A6B,FFC0CB,0.2
C19A6B,FFD200,0.2
C19A6B,FFFF00,0.2
C19A6B,FFFFFF,0.8
C4DDCE,C7A2A2,0.4
C4DDCE,C9C9C9,0.6
C4DDCE,D0455F,0.2
C4DDCE,D3D3D3,0.6
C4DDCE,D84936,0.4
C4DDCE,DEB24C,0.2
C4DDCE,DFC8B2,0.4
C4DDCE,E65A5B,0.2
C4DDCE,EBD6A7,0.2
C4DDCE,ECE9D6,0.2
C4DDCE,F29985,0.4
C4DDCE,FAAA6E,0.4
C4DDCE,FAC4DB,0.2
C4DDCE,FDF7B2,0.2
C4DDCE,FF00A8,0.2
C4DDCE,FFA500,0.4
C4DDCE,FFC0CB,0.2
C4DDCE,FFD200,0.2
C4DDCE,FFFF00,0.2
C4DDCE,FFFFFF,0.6
C7A2A2,C9C9C9,0.6
C7A2A2,D0455F,0.0
C7A2A2,D3D3D3,0.6
C7A2A2,D84936,0.2
C7A2A2,DEB24C,0.0
C7A2A2,DFC8B2,0.4
C7A2A2,E65A5B,0.2
C7A2A2,EBD6A7,0.4
C7A2A2,ECE9D6,0.4
C7A2A2,F29985,0.2
C7A2A2,FAAA6E,0.2
C7A2A2,FAC4DB,0.2
C7A2A2,FDF7B2,0.2
C7A2A2,FF00A8,0.2
C7A2A2,FFA500,0.4
C7A2A2,FFC0CB,0.2
C7A2A2,FFD200,0.2
C7A2A2,FFFF00,0.2
C7A2A2,FFFFFF,0.6
C9C9C9,D0455F,0.2
C9C9C9,D3D3D3,0.6
C9C9C9,D84936,0.4
C9C9C9,DEB24C,0.4
C9C9C9,DFC8B2,0.4
C9C9C9,E65A5B,0.4
C9C9C9,EBD6A7,0.4
C9C9C9,ECE9D6,0.4
C9C9C9,F29985,0.2
C9C9C9,FAAA6E,0.4
C9C9C9,FAC4DB,0.2
C9C9C9,FDF7B2,0.4
C9C9C9,FF00A8,0.2
C9C9C9,FFA500,0.4
C9C9C9,FFC0CB,0.2
C9C9C9,FFD200,0.2
C9C9C9,FFFF00,0.2
C9C9C9,FFFFFF,0.6
D0455F,D3D3D3,0.6
D0455F,D84936,0.4
D0455F,DEB24C,0.4
D0455F,DFC8B2,0.4
D0455F,E65A5B,0.2
D0455F,EBD6A7,0.4
D0455F,ECE9D6,0.6
D0455F,F29985,0.4
D0455F,FAAA6E,0.4
D0455F,FAC4DB,0.4
D0455F,FDF7B2,0.4
D0455F,FF00A8,0.2
D0455F,FFA500,0.4
D0455F,FFC0CB,0.4
D0455F,FFD200,0.4
D0455F,FFFF00,0.4
D0455F,FFFFFF,0.8
D3D3D3,D84936,0.4
D3D3D3,DEB24C,0.4
D3D3D3,DFC8B2,0.4
D3D3D3,E65A5B,0.4
D3D3D3,EBD6A7,0.4
D3D3D3,ECE9D6,0.4
D3D3D3,F29985,0.4
D3D3D3,FAAA6E,0.4
D3D3D3,FAC4DB,0.2
D3D3D3,FDF7B2,0.4
D3D3D3,FF00A8,0.2
D3D3D3,FFA500,0.4
D3D3D3,FFC0CB,0.2
D3D3D3,FFD200,0.2
D3D3D3,FFFF00,0.2
D3D3D3,FFFFFF,0.6
D84936,DEB24C,0.2
D84936,DFC8B2,0.4
D84936,E65A5B,0.2
D84936,EBD6A7,0.4
D84936,ECE9D6,0.4
D84936,F29985,0.4
D84936,FAAA6E,0.4
D84936,FAC4DB,0.4
D84936,FDF7B2,0.4
D84936,FF00A8,0.4
D84936,FFA500,0.4
D84936,FFC0CB,0.4
D84936,FFD200,0.4
D84936,FFFF00,0.4
D84936,FFFFFF,0.6
DEB24C,DFC8B2,0.4
DEB24C,E65A5B,0.2
DEB24C,EBD6A7,0.2
DEB24C,ECE9D6,0.4
DEB24C,F29985,0.4
DEB24C,FAAA6E,0.2
DEB24C,FAC4DB,0.2
DEB24C,FDF7B2,0.2
DEB24C,FF00A8,0.0
DEB24C,FFA500,0.2
DEB24C,FFC0CB,0.2
DEB24C,FFD200,0.2
DEB24C,FFFF00,0.2
DEB24C,FFFFFF,0.8
DFC8B2,E65A5B,0.2
DFC8B2,EBD6A7,0.2
DFC8B2,ECE9D6,0.2
DFC8B2,F29985,0.4
DFC8B2,FAAA6E,0.4
DFC8B2,FAC4DB,0.2
DFC8B2,FDF7B2,0.2
DFC8B2,FF00A8,0.2
DFC8B2,FFA500,0.2
DFC8B2,FFC0CB,0.2
DFC8B2,FFD200,0.2
DFC8B2,FFFF00,0.0
DFC8B2,FFFFFF,0.8
E65A5B,EBD6A7,0.4
E65A5B,ECE9D6,0.4
E65A5B,F29985,0.4
E65A5B,FAAA6E,0.4
E65A5B,FAC4DB,0.4
E65A5B,FDF7B2,0.4
E65A5B,FF00A8,0.4
E65A5B,FFA500,0.4
E65A5B,FFC0CB,0.4
E65A5B,FFD200,0.4
E65A5B,FFFF00,0.4
E65A5B,FFFFFF,0.8
EBD6A7,ECE9D6,0.2
EBD6A7,F29985,0.4
EBD6A7,FAAA6E,0.4
EBD6A7,FAC4DB,0.2
EBD6A7,FDF7B2,0.2
EBD6A7,FF00A8,0.2
EBD6A7,FFA500,0.4
EBD6A7,FFC0CB,0.2
EBD6A7,FFD200,0.2
EBD6A7,FFFF00,0.2
EBD6A7,FFFFFF,0.8
ECE9D6,F29985,0.4
ECE9D6,FAAA6E,0.4
ECE9D6,FAC4DB,0.2
ECE9D6,FDF7B2,0.2
ECE9D6,FF00A8,0.2
ECE9D6,FFA500,0.4
ECE9D6,FFC0CB,0.2
ECE9D6,FFD200,0.2
ECE9D6,FFFF00,0.2
ECE9D6,FFFFFF,0.6
F29985,FAAA6E,0.4
F29985,FAC4DB,0.4
F29985,FDF7B2,0.2
F29985,FF00A8,0.2
F29985,FFA500,0.2
F29985,FFC0CB,0.2
F29985,FFD200,0.2
F29985,FFFF00,0.2
F29985,FFFFFF,0.6
FAAA6E,FAC4DB,0.2
FAAA6E,FDF7B2,0.4
FAAA6E,FF00A8,0.2
FAAA6E,FFA500,0.2
FAAA6E,FFC0CB,0.2
FAAA6E,FFD200,0.2
FAAA6E,FFFF00,0.2
FAAA6E,FFFFFF,0.6
FAC4DB,FDF7B2,0.2
FAC4DB,FF00A8,0.2
FAC4DB,FFA500,0.4
FAC4DB,FFC0CB,0.2
FAC4DB,FFD200,0.2
FAC4DB,FFFF00,0.2
FAC4DB,FFFFFF,0.6
FDF7B2,FF00A8,0.4
FDF7B2,FFA500,0.2
FDF7B2,FFC0CB,0.2
FDF7B2,FFD200,0.2
FDF7B2,FFFF00,0.2
FDF7B2,FFFFFF,0.6
FF00A8,FFA500,0.4
FF00A8,FFC0CB,0.4
FF00A8,FFD200,0.4
FF00A8,FFFF00,0.4
FF00A8,FFFFFF,0.8
FFA500,FFC0CB,0.4
FFA500,FFD200,0.4
FFA500,FFFF00,0.2
FFA500,FFFFFF,0.8
FFC0CB,FFD200,0.4
FFC0CB,FFFF00,0.2
FFC0CB,FFFFFF,0.8
FFD200,FFFF00,0.2
FFD200,FFFFFF,0.8
FFFF00,FFFFFF,0.6
