event_name;section;user_id;event_date_;event_timestamp_
page_view;quiz_work;040e1e30c9ed4248bc9799a707e36d60;2025-01-01;2025-01-01 16:57:15.062114990
page_view;quiz_fit;040e1e30c9ed4248bc9799a707e36d60;2025-01-01;2025-01-01 16:57:24.243407959
page_view;quiz_highlight;040e1e30c9ed4248bc9799a707e36d60;2025-01-01;2025-01-01 16:57:37.877279053
page_view;quiz_bodyShape;040e1e30c9ed4248bc9799a707e36d60;2025-01-01;2025-01-01 16:57:52.290892090
page_view;quiz_eyes;040e1e30c9ed4248bc9799a707e36d60;2025-01-01;2025-01-01 16:58:58.868198975
page_view;quiz_hair;040e1e30c9ed4248bc9799a707e36d60;2025-01-01;2025-01-01 16:59:10.349990967
page_view;quiz_sizes;040e1e30c9ed4248bc9799a707e36d60;2025-01-01;2025-01-01 16:59:20.200894043
page_view;quiz_measurements;040e1e30c9ed4248bc9799a707e36d60;2025-01-01;2025-01-01 16:59:59.229868896
page_view;quiz_focus;040e1e30c9ed4248bc9799a707e36d60;2025-01-01;2025-01-01 17:00:02.424375977
page_view;quiz_adventurous;040e1e30c9ed4248bc9799a707e36d60;2025-01-01;2025-01-01 17:00:32.932799072
page_view;quiz_styles;040e1e30c9ed4248bc9799a707e36d60;2025-01-01;2025-01-01 17:01:01.026767090
page_view;quiz_prices;040e1e30c9ed4248bc9799a707e36d60;2025-01-01;2025-01-01 17:01:24.688322998
page_view;quiz_avoid;040e1e30c9ed4248bc9799a707e36d60;2025-01-01;2025-01-01 17:01:36.856009033
page_view;quiz_footwear;040e1e30c9ed4248bc9799a707e36d60;2025-01-01;2025-01-01 17:01:53.619081055
page_view;quiz_you;040e1e30c9ed4248bc9799a707e36d60;2025-01-01;2025-01-01 17:02:28.022451904
page_view;quiz_photos;040e1e30c9ed4248bc9799a707e36d60;2025-01-01;2025-01-01 17:02:47.227444092
page_view;quiz_social;040e1e30c9ed4248bc9799a707e36d60;2025-01-01;2025-01-01 17:15:55.339378906
page_view;quiz_signUp;040e1e30c9ed4248bc9799a707e36d60;2025-01-01;2025-01-01 17:16:11.600152100
page_view;quiz_leisure;08524cc6b3544d65af7faa39e9abd3f2;2025-02-06;2025-02-06 12:20:55.929294922
page_view;quiz_work;08524cc6b3544d65af7faa39e9abd3f2;2025-02-06;2025-02-06 12:21:11.511086914
page_view;quiz_fit;08524cc6b3544d65af7faa39e9abd3f2;2025-02-06;2025-02-06 12:21:18.984519043
page_view;quiz_highlight;08524cc6b3544d65af7faa39e9abd3f2;2025-02-06;2025-02-06 12:21:37.729197998
page_view;quiz_bodyShape;08524cc6b3544d65af7faa39e9abd3f2;2025-02-06;2025-02-06 12:21:56.798176025
page_view;quiz_eyes;08524cc6b3544d65af7faa39e9abd3f2;2025-02-06;2025-02-06 12:22:26.490127929
page_view;quiz_hair;08524cc6b3544d65af7faa39e9abd3f2;2025-02-06;2025-02-06 12:22:32.848239014
page_view;quiz_sizes;08524cc6b3544d65af7faa39e9abd3f2;2025-02-06;2025-02-06 12:22:32.848239014
page_view;quiz_measurements;08524cc6b3544d65af7faa39e9abd3f2;2025-02-06;2025-02-06 12:22:52.931308105
page_view;quiz_focus;08524cc6b3544d65af7faa39e9abd3f2;2025-02-06;2025-02-06 12:22:56.878732910
page_view;quiz_adventurous;08524cc6b3544d65af7faa39e9abd3f2;2025-02-06;2025-02-06 12:23:28.066277100
page_view;quiz_styles;08524cc6b3544d65af7faa39e9abd3f2;2025-02-06;2025-02-06 12:23:48.000218018
page_view;quiz_prices;08524cc6b3544d65af7faa39e9abd3f2;2025-02-06;2025-02-06 12:24:15.180350098
page_view;quiz_avoid;08524cc6b3544d65af7faa39e9abd3f2;2025-02-06;2025-02-06 12:24:25.211767090
page_view;quiz_footwear;08524cc6b3544d65af7faa39e9abd3f2;2025-02-06;2025-02-06 12:24:50.022395996
page_view;quiz_you;08524cc6b3544d65af7faa39e9abd3f2;2025-02-06;2025-02-06 12:25:08.240395020
page_view;quiz_photos;08524cc6b3544d65af7faa39e9abd3f2;2025-02-06;2025-02-06 12:25:21.205174072
page_view;quiz_social;08524cc6b3544d65af7faa39e9abd3f2;2025-02-06;2025-02-06 12:25:31.180292969
page_view;quiz_signUp;08524cc6b3544d65af7faa39e9abd3f2;2025-02-06;2025-02-06 12:25:31.180292969
page_view;quiz_signUp;08524cc6b3544d65af7faa39e9abd3f2;2025-02-06;2025-02-06 12:26:14.990445068
page_view;quiz_signUp;08524cc6b3544d65af7faa39e9abd3f2;2025-02-06;2025-02-06 17:55:04.418727051
page_view;quiz_social;08524cc6b3544d65af7faa39e9abd3f2;2025-02-06;2025-02-06 17:55:16.712672119
page_view;quiz_photos;08524cc6b3544d65af7faa39e9abd3f2;2025-02-06;2025-02-06 17:55:16.712672119
page_view;quiz_you;08524cc6b3544d65af7faa39e9abd3f2;2025-02-06;2025-02-06 17:55:16.712672119
page_view;quiz_footwear;08524cc6b3544d65af7faa39e9abd3f2;2025-02-06;2025-02-06 17:55:22.723976074
page_view;quiz_avoid;08524cc6b3544d65af7faa39e9abd3f2;2025-02-06;2025-02-06 17:55:22.723976074
page_view;quiz_prices;08524cc6b3544d65af7faa39e9abd3f2;2025-02-06;2025-02-06 17:55:22.723976074
page_view;quiz_styles;08524cc6b3544d65af7faa39e9abd3f2;2025-02-06;2025-02-06 17:55:22.723976074
page_view;quiz_adventurous;08524cc6b3544d65af7faa39e9abd3f2;2025-02-06;2025-02-06 17:55:28.445662109
page_view;quiz_focus;08524cc6b3544d65af7faa39e9abd3f2;2025-02-06;2025-02-06 17:55:28.445662109
page_view;quiz_measurements;08524cc6b3544d65af7faa39e9abd3f2;2025-02-06;2025-02-06 17:55:28.445662109
page_view;quiz_sizes;08524cc6b3544d65af7faa39e9abd3f2;2025-02-06;2025-02-06 17:55:28.445662109
page_view;quiz_hair;08524cc6b3544d65af7faa39e9abd3f2;2025-02-06;2025-02-06 17:55:28.445662109
page_view;quiz_eyes;08524cc6b3544d65af7faa39e9abd3f2;2025-02-06;2025-02-06 17:55:34.128572021
page_view;quiz_bodyShape;08524cc6b3544d65af7faa39e9abd3f2;2025-02-06;2025-02-06 17:55:34.128572021
page_view;quiz_highlight;08524cc6b3544d65af7faa39e9abd3f2;2025-02-06;2025-02-06 17:55:39.944897949
page_view;quiz_fit;08524cc6b3544d65af7faa39e9abd3f2;2025-02-06;2025-02-06 17:55:39.944897949
page_view;quiz_work;08524cc6b3544d65af7faa39e9abd3f2;2025-02-06;2025-02-06 17:55:39.944897949
page_view;quiz_leisure;08524cc6b3544d65af7faa39e9abd3f2;2025-02-06;2025-02-06 17:55:39.944897949
page_view;quiz_leisure;08524cc6b3544d65af7faa39e9abd3f2;2025-02-06;2025-02-06 17:55:51.661750977
page_view;quiz_work;08524cc6b3544d65af7faa39e9abd3f2;2025-02-06;2025-02-06 17:56:08.311767090
page_view;quiz_fit;08524cc6b3544d65af7faa39e9abd3f2;2025-02-06;2025-02-06 17:56:20.370855957
page_view;quiz_highlight;08524cc6b3544d65af7faa39e9abd3f2;2025-02-06;2025-02-06 17:56:35.099616943
page_view;quiz_bodyShape;08524cc6b3544d65af7faa39e9abd3f2;2025-02-06;2025-02-06 17:56:58.103570068
page_view;quiz_eyes;08524cc6b3544d65af7faa39e9abd3f2;2025-02-06;2025-02-06 17:57:32.161795898
page_view;quiz_hair;08524cc6b3544d65af7faa39e9abd3f2;2025-02-06;2025-02-06 17:57:40.823811035
page_view;quiz_sizes;08524cc6b3544d65af7faa39e9abd3f2;2025-02-06;2025-02-06 17:57:40.823811035
page_view;quiz_measurements;08524cc6b3544d65af7faa39e9abd3f2;2025-02-06;2025-02-06 17:57:47.877604980
page_view;quiz_focus;08524cc6b3544d65af7faa39e9abd3f2;2025-02-06;2025-02-06 17:57:47.877604980
page_view;quiz_adventurous;08524cc6b3544d65af7faa39e9abd3f2;2025-02-06;2025-02-06 17:57:58.315032959
page_view;quiz_styles;08524cc6b3544d65af7faa39e9abd3f2;2025-02-06;2025-02-06 17:58:15.996735107
page_view;quiz_prices;08524cc6b3544d65af7faa39e9abd3f2;2025-02-06;2025-02-06 18:00:26.055418945
page_view;quiz_avoid;08524cc6b3544d65af7faa39e9abd3f2;2025-02-06;2025-02-06 18:00:46.695559082
page_view;quiz_you;08524cc6b3544d65af7faa39e9abd3f2;2025-02-06;2025-02-06 18:00:59.555039062
page_view;quiz_photos;08524cc6b3544d65af7faa39e9abd3f2;2025-02-06;2025-02-06 18:00:59.555039062
page_view;quiz_social;08524cc6b3544d65af7faa39e9abd3f2;2025-02-06;2025-02-06 18:05:18.126677979
page_view;quiz_signUp;08524cc6b3544d65af7faa39e9abd3f2;2025-02-06;2025-02-06 18:05:28.132849121
page_view;quiz_work;0b9ab36679d64edbb7d6a830d103b91f;2025-01-21;2025-01-21 08:54:37.242909912
page_view;quiz_fit;0b9ab36679d64edbb7d6a830d103b91f;2025-01-21;2025-01-21 08:54:48.563187012
page_view;quiz_highlight;0b9ab36679d64edbb7d6a830d103b91f;2025-01-21;2025-01-21 08:54:59.950811035
page_view;quiz_bodyShape;0b9ab36679d64edbb7d6a830d103b91f;2025-01-21;2025-01-21 08:55:31.422834961
page_view;quiz_eyes;0b9ab36679d64edbb7d6a830d103b91f;2025-01-21;2025-01-21 08:55:58.700729980
page_view;quiz_hair;0b9ab36679d64edbb7d6a830d103b91f;2025-01-21;2025-01-21 08:56:10.841639893
page_view;quiz_sizes;0b9ab36679d64edbb7d6a830d103b91f;2025-01-21;2025-01-21 08:56:19.509735107
page_view;quiz_measurements;0b9ab36679d64edbb7d6a830d103b91f;2025-01-21;2025-01-21 08:56:34.951832031
page_view;quiz_focus;0b9ab36679d64edbb7d6a830d103b91f;2025-01-21;2025-01-21 08:56:55.596491943
page_view;quiz_adventurous;0b9ab36679d64edbb7d6a830d103b91f;2025-01-21;2025-01-21 08:57:09.795804932
page_view;quiz_styles;0b9ab36679d64edbb7d6a830d103b91f;2025-01-21;2025-01-21 08:57:38.114461914
page_view;quiz_prices;0b9ab36679d64edbb7d6a830d103b91f;2025-01-21;2025-01-21 08:58:48.678941895
page_view;quiz_avoid;0b9ab36679d64edbb7d6a830d103b91f;2025-01-21;2025-01-21 08:59:30.183226074
page_view;quiz_footwear;0b9ab36679d64edbb7d6a830d103b91f;2025-01-21;2025-01-21 08:59:46.436992920
page_view;quiz_you;0b9ab36679d64edbb7d6a830d103b91f;2025-01-21;2025-01-21 08:59:53.573683105
page_view;quiz_photos;0b9ab36679d64edbb7d6a830d103b91f;2025-01-21;2025-01-21 09:00:15.561371094
page_view;quiz_social;0b9ab36679d64edbb7d6a830d103b91f;2025-01-21;2025-01-21 09:13:17.818800049
page_view;quiz_signUp;0b9ab36679d64edbb7d6a830d103b91f;2025-01-21;2025-01-21 09:13:36.250691895
page_view;quiz_leisure;0c4e7af8218440eaa383bc6655712a55;2025-01-27;2025-01-27 14:24:04.871144043
page_view;quiz_work;117c6171044e4fdf8cbd8c4dc6a59cb8;2025-02-03;2025-02-03 08:54:25.281611084
page_view;quiz_fit;117c6171044e4fdf8cbd8c4dc6a59cb8;2025-02-03;2025-02-03 08:54:39.373299072
page_view;quiz_highlight;117c6171044e4fdf8cbd8c4dc6a59cb8;2025-02-03;2025-02-03 08:54:48.776319092
page_view;quiz_bodyShape;117c6171044e4fdf8cbd8c4dc6a59cb8;2025-02-03;2025-02-03 08:55:03.182011963
page_view;quiz_eyes;117c6171044e4fdf8cbd8c4dc6a59cb8;2025-02-03;2025-02-03 08:55:45.143791992
page_view;quiz_hair;117c6171044e4fdf8cbd8c4dc6a59cb8;2025-02-03;2025-02-03 08:55:45.143791992
page_view;quiz_sizes;117c6171044e4fdf8cbd8c4dc6a59cb8;2025-02-03;2025-02-03 08:56:00.050303955
page_view;quiz_measurements;117c6171044e4fdf8cbd8c4dc6a59cb8;2025-02-03;2025-02-03 08:56:19.639531982
page_view;quiz_focus;117c6171044e4fdf8cbd8c4dc6a59cb8;2025-02-03;2025-02-03 08:56:34.029992920
page_view;quiz_adventurous;117c6171044e4fdf8cbd8c4dc6a59cb8;2025-02-03;2025-02-03 08:56:45.138032959
page_view;quiz_styles;117c6171044e4fdf8cbd8c4dc6a59cb8;2025-02-03;2025-02-03 08:57:06.177367920
page_view;quiz_prices;117c6171044e4fdf8cbd8c4dc6a59cb8;2025-02-03;2025-02-03 08:57:48.113459961
page_view;quiz_avoid;117c6171044e4fdf8cbd8c4dc6a59cb8;2025-02-03;2025-02-03 08:57:58.216397949
page_view;quiz_footwear;117c6171044e4fdf8cbd8c4dc6a59cb8;2025-02-03;2025-02-03 08:58:11.929107910
page_view;quiz_you;117c6171044e4fdf8cbd8c4dc6a59cb8;2025-02-03;2025-02-03 08:58:31.768034912
page_view;quiz_photos;117c6171044e4fdf8cbd8c4dc6a59cb8;2025-02-03;2025-02-03 08:58:50.650548096
page_view;quiz_social;117c6171044e4fdf8cbd8c4dc6a59cb8;2025-02-03;2025-02-03 09:00:50.045263916
page_view;quiz_signUp;117c6171044e4fdf8cbd8c4dc6a59cb8;2025-02-03;2025-02-03 09:00:58.775760010
page_view;quiz_work;1285e4e59c0d43e4ac921cd9db535f0d;2025-02-03;2025-02-03 21:28:02.400930908
page_view;quiz_fit;1285e4e59c0d43e4ac921cd9db535f0d;2025-02-03;2025-02-03 21:28:24.717074951
page_view;quiz_highlight;1285e4e59c0d43e4ac921cd9db535f0d;2025-02-03;2025-02-03 21:29:06.149093994
page_view;quiz_bodyShape;1285e4e59c0d43e4ac921cd9db535f0d;2025-02-03;2025-02-03 21:29:31.928780029
page_view;quiz_eyes;1285e4e59c0d43e4ac921cd9db535f0d;2025-02-03;2025-02-03 21:30:02.978833008
page_view;quiz_hair;1285e4e59c0d43e4ac921cd9db535f0d;2025-02-03;2025-02-03 21:30:09.210533936
page_view;quiz_sizes;1285e4e59c0d43e4ac921cd9db535f0d;2025-02-03;2025-02-03 21:30:10.406049072
page_view;quiz_measurements;1285e4e59c0d43e4ac921cd9db535f0d;2025-02-03;2025-02-03 21:30:39.516488037
page_view;quiz_focus;1285e4e59c0d43e4ac921cd9db535f0d;2025-02-03;2025-02-03 21:30:51.736907959
page_view;quiz_adventurous;1285e4e59c0d43e4ac921cd9db535f0d;2025-02-03;2025-02-03 21:31:09.174687988
page_view;quiz_styles;1285e4e59c0d43e4ac921cd9db535f0d;2025-02-03;2025-02-03 21:32:38.396748047
page_view;quiz_prices;1285e4e59c0d43e4ac921cd9db535f0d;2025-02-03;2025-02-03 21:35:53.637370117
page_view;quiz_avoid;1285e4e59c0d43e4ac921cd9db535f0d;2025-02-03;2025-02-03 21:36:09.920872070
page_view;quiz_footwear;1285e4e59c0d43e4ac921cd9db535f0d;2025-02-03;2025-02-03 21:36:20.566349121
page_view;quiz_you;1285e4e59c0d43e4ac921cd9db535f0d;2025-02-03;2025-02-03 21:36:57.583569092
page_view;quiz_photos;1285e4e59c0d43e4ac921cd9db535f0d;2025-02-03;2025-02-03 21:37:49.994096924
page_view;quiz_social;1285e4e59c0d43e4ac921cd9db535f0d;2025-02-03;2025-02-03 21:57:58.808475098
page_view;quiz_signUp;1285e4e59c0d43e4ac921cd9db535f0d;2025-02-03;2025-02-03 21:58:12.951798096
page_view;quiz_work;1932240bef894979be69257cc5431843;2025-02-01;2025-02-01 19:58:01.351085938
page_view;quiz_fit;1932240bef894979be69257cc5431843;2025-02-01;2025-02-01 19:58:22.524487061
page_view;quiz_highlight;1932240bef894979be69257cc5431843;2025-02-01;2025-02-01 19:58:48.041948975
page_view;quiz_bodyShape;1932240bef894979be69257cc5431843;2025-02-01;2025-02-01 19:59:17.454112061
page_view;quiz_eyes;1932240bef894979be69257cc5431843;2025-02-01;2025-02-01 20:00:36.146724121
page_view;quiz_hair;1932240bef894979be69257cc5431843;2025-02-01;2025-02-01 20:00:48.112787109
page_view;quiz_sizes;1932240bef894979be69257cc5431843;2025-02-01;2025-02-01 20:00:57.393861084
page_view;quiz_measurements;1932240bef894979be69257cc5431843;2025-02-01;2025-02-01 20:01:43.499042969
page_view;quiz_focus;1932240bef894979be69257cc5431843;2025-02-01;2025-02-01 20:02:11.487917969
page_view;quiz_adventurous;1932240bef894979be69257cc5431843;2025-02-01;2025-02-01 20:02:40.069849121
page_view;quiz_styles;1932240bef894979be69257cc5431843;2025-02-01;2025-02-01 20:03:10.619902100
page_view;quiz_prices;1932240bef894979be69257cc5431843;2025-02-01;2025-02-01 20:04:28.982854980
page_view;quiz_avoid;1932240bef894979be69257cc5431843;2025-02-01;2025-02-01 20:04:50.977165039
page_view;quiz_you;1932240bef894979be69257cc5431843;2025-02-01;2025-02-01 20:05:35.348551025
page_view;quiz_photos;1932240bef894979be69257cc5431843;2025-02-01;2025-02-01 20:06:18.017468994
page_view;quiz_social;1932240bef894979be69257cc5431843;2025-02-01;2025-02-01 20:11:38.407527100
page_view;quiz_signUp;1932240bef894979be69257cc5431843;2025-02-01;2025-02-01 20:11:50.561937988
page_view;quiz_work;19322fed157c49c6b16e2d5cabeb9592;2025-01-02;2025-01-01 23:46:22.937061035
page_view;quiz_fit;19322fed157c49c6b16e2d5cabeb9592;2025-01-02;2025-01-01 23:46:28.530373047
page_view;quiz_highlight;19322fed157c49c6b16e2d5cabeb9592;2025-01-02;2025-01-01 23:46:37.493605957
page_view;quiz_bodyShape;19322fed157c49c6b16e2d5cabeb9592;2025-01-02;2025-01-01 23:46:55.845504882
page_view;quiz_eyes;19322fed157c49c6b16e2d5cabeb9592;2025-01-02;2025-01-01 23:47:09.006892090
page_view;quiz_hair;19322fed157c49c6b16e2d5cabeb9592;2025-01-02;2025-01-01 23:47:09.006892090
page_view;quiz_sizes;19322fed157c49c6b16e2d5cabeb9592;2025-01-02;2025-01-01 23:47:23.805379883
page_view;quiz_measurements;19322fed157c49c6b16e2d5cabeb9592;2025-01-02;2025-01-01 23:47:44.111541016
page_view;quiz_focus;19322fed157c49c6b16e2d5cabeb9592;2025-01-02;2025-01-01 23:47:55.815562988
page_view;quiz_adventurous;19322fed157c49c6b16e2d5cabeb9592;2025-01-02;2025-01-01 23:48:06.504979980
page_view;quiz_styles;19322fed157c49c6b16e2d5cabeb9592;2025-01-02;2025-01-01 23:48:26.118845947
page_view;quiz_prices;19322fed157c49c6b16e2d5cabeb9592;2025-01-02;2025-01-01 23:49:09.175111084
page_view;quiz_avoid;19322fed157c49c6b16e2d5cabeb9592;2025-01-02;2025-01-01 23:49:14.342586914
page_view;quiz_footwear;19322fed157c49c6b16e2d5cabeb9592;2025-01-02;2025-01-01 23:49:39.232374023
page_view;quiz_you;19322fed157c49c6b16e2d5cabeb9592;2025-01-02;2025-01-01 23:50:07.057295898
page_view;quiz_photos;19322fed157c49c6b16e2d5cabeb9592;2025-01-02;2025-01-01 23:50:24.722818115
page_view;quiz_social;19322fed157c49c6b16e2d5cabeb9592;2025-01-02;2025-01-01 23:50:34.685398926
page_view;quiz_signUp;19322fed157c49c6b16e2d5cabeb9592;2025-01-02;2025-01-01 23:50:41.626324951
page_view;quiz_work;287cd4480785430b83bb19f93318a7b7;2025-02-16;2025-02-16 16:06:39.790656982
page_view;quiz_fit;287cd4480785430b83bb19f93318a7b7;2025-02-16;2025-02-16 16:06:49.665093994
page_view;quiz_highlight;287cd4480785430b83bb19f93318a7b7;2025-02-16;2025-02-16 16:07:03.941514893
page_view;quiz_bodyShape;287cd4480785430b83bb19f93318a7b7;2025-02-16;2025-02-16 16:07:18.647086914
page_view;quiz_eyes;287cd4480785430b83bb19f93318a7b7;2025-02-16;2025-02-16 16:07:29.948210938
page_view;quiz_hair;287cd4480785430b83bb19f93318a7b7;2025-02-16;2025-02-16 16:07:36.797514893
page_view;quiz_sizes;287cd4480785430b83bb19f93318a7b7;2025-02-16;2025-02-16 16:07:36.797514893
page_view;quiz_hair;287cd4480785430b83bb19f93318a7b7;2025-02-16;2025-02-16 16:09:12.983029053
page_view;quiz_hair;287cd4480785430b83bb19f93318a7b7;2025-02-16;2025-02-16 16:09:29.934042969
page_view;quiz_work;287cd4480785430b83bb19f93318a7b7;2025-02-23;2025-02-23 17:14:36.561560059
page_view;quiz_fit;287cd4480785430b83bb19f93318a7b7;2025-02-23;2025-02-23 17:14:45.205585938
page_view;quiz_highlight;287cd4480785430b83bb19f93318a7b7;2025-02-23;2025-02-23 17:15:04.049856934
page_view;quiz_bodyShape;287cd4480785430b83bb19f93318a7b7;2025-02-23;2025-02-23 17:15:12.735437012
page_view;quiz_eyes;287cd4480785430b83bb19f93318a7b7;2025-02-23;2025-02-23 17:15:19.493520996
page_view;quiz_hair;287cd4480785430b83bb19f93318a7b7;2025-02-23;2025-02-23 17:15:29.767675049
page_view;quiz_sizes;287cd4480785430b83bb19f93318a7b7;2025-02-23;2025-02-23 17:15:29.767675049
page_view;quiz_measurements;287cd4480785430b83bb19f93318a7b7;2025-02-23;2025-02-23 17:15:57.261319092
page_view;quiz_focus;287cd4480785430b83bb19f93318a7b7;2025-02-23;2025-02-23 17:16:07.273553955
page_view;quiz_adventurous;287cd4480785430b83bb19f93318a7b7;2025-02-23;2025-02-23 17:16:15.027641113
page_view;quiz_styles;287cd4480785430b83bb19f93318a7b7;2025-02-23;2025-02-23 17:16:27.065077881
page_view;quiz_prices;287cd4480785430b83bb19f93318a7b7;2025-02-23;2025-02-23 17:16:58.032763916
page_view;quiz_avoid;287cd4480785430b83bb19f93318a7b7;2025-02-23;2025-02-23 17:17:02.884174072
page_view;quiz_you;287cd4480785430b83bb19f93318a7b7;2025-02-23;2025-02-23 17:17:20.247846924
page_view;quiz_photos;287cd4480785430b83bb19f93318a7b7;2025-02-23;2025-02-23 17:17:36.096824951
page_view;quiz_social;287cd4480785430b83bb19f93318a7b7;2025-02-23;2025-02-23 17:17:45.665084961
page_view;quiz_signUp;287cd4480785430b83bb19f93318a7b7;2025-02-23;2025-02-23 17:17:52.022218994
page_view;quiz_work;28afb6f2fecb45508fb35ed818927b57;2025-01-27;2025-01-27 20:05:14.607353027
page_view;quiz_fit;28afb6f2fecb45508fb35ed818927b57;2025-01-27;2025-01-27 20:05:39.931706055
page_view;quiz_highlight;28afb6f2fecb45508fb35ed818927b57;2025-01-27;2025-01-27 20:06:12.114915039
page_view;quiz_fit;28afb6f2fecb45508fb35ed818927b57;2025-01-27;2025-01-27 20:06:22.072846924
page_view;quiz_highlight;28afb6f2fecb45508fb35ed818927b57;2025-01-27;2025-01-27 20:06:35.161555908
page_view;quiz_bodyShape;28afb6f2fecb45508fb35ed818927b57;2025-01-27;2025-01-27 20:07:02.273311035
page_view;quiz_eyes;28afb6f2fecb45508fb35ed818927b57;2025-01-27;2025-01-27 20:07:36.851357910
page_view;quiz_hair;28afb6f2fecb45508fb35ed818927b57;2025-01-27;2025-01-27 20:07:55.900740967
page_view;quiz_sizes;28afb6f2fecb45508fb35ed818927b57;2025-01-27;2025-01-27 20:08:11.845350098
page_view;quiz_measurements;28afb6f2fecb45508fb35ed818927b57;2025-01-27;2025-01-27 20:10:19.141178955
page_view;quiz_focus;28afb6f2fecb45508fb35ed818927b57;2025-01-27;2025-01-27 20:10:31.405373047
page_view;quiz_adventurous;28afb6f2fecb45508fb35ed818927b57;2025-01-27;2025-01-27 20:11:06.266582031
page_view;quiz_styles;28afb6f2fecb45508fb35ed818927b57;2025-01-27;2025-01-27 20:12:09.878637939
page_view;quiz_prices;28afb6f2fecb45508fb35ed818927b57;2025-01-27;2025-01-27 20:13:47.588245117
page_view;quiz_avoid;28afb6f2fecb45508fb35ed818927b57;2025-01-27;2025-01-27 20:16:01.738173096
page_view;quiz_you;28afb6f2fecb45508fb35ed818927b57;2025-01-27;2025-01-27 20:16:48.138072021
page_view;quiz_photos;28afb6f2fecb45508fb35ed818927b57;2025-01-27;2025-01-27 20:17:17.257881104
page_view;quiz_social;28afb6f2fecb45508fb35ed818927b57;2025-01-27;2025-01-27 20:31:09.166449951
page_view;quiz_signUp;28afb6f2fecb45508fb35ed818927b57;2025-01-27;2025-01-27 20:31:24.534834961
page_view;quiz_work;33354fc7eefa4f23a7cda6c23fc86ee6;2025-01-01;2025-01-01 03:51:24.087449951
page_view;quiz_leisure;33354fc7eefa4f23a7cda6c23fc86ee6;2025-01-01;2025-01-01 13:39:35.657666992
page_view;quiz_work;33354fc7eefa4f23a7cda6c23fc86ee6;2025-01-01;2025-01-01 13:39:54.253562012
page_view;quiz_fit;33354fc7eefa4f23a7cda6c23fc86ee6;2025-01-01;2025-01-01 13:40:04.377633057
page_view;quiz_highlight;33354fc7eefa4f23a7cda6c23fc86ee6;2025-01-01;2025-01-01 13:40:11.995288086
page_view;quiz_bodyShape;33354fc7eefa4f23a7cda6c23fc86ee6;2025-01-01;2025-01-01 13:40:34.577500977
page_view;quiz_eyes;33354fc7eefa4f23a7cda6c23fc86ee6;2025-01-01;2025-01-01 13:40:34.577500977
page_view;quiz_hair;33354fc7eefa4f23a7cda6c23fc86ee6;2025-01-01;2025-01-01 13:40:45.605797119
page_view;quiz_sizes;33354fc7eefa4f23a7cda6c23fc86ee6;2025-01-01;2025-01-01 13:41:12.743913086
page_view;quiz_hair;33354fc7eefa4f23a7cda6c23fc86ee6;2025-01-01;2025-01-01 13:41:40.149971924
page_view;quiz_sizes;33354fc7eefa4f23a7cda6c23fc86ee6;2025-01-01;2025-01-01 13:41:40.149971924
page_view;quiz_measurements;33354fc7eefa4f23a7cda6c23fc86ee6;2025-01-01;2025-01-01 13:42:10.137205078
page_view;quiz_focus;33354fc7eefa4f23a7cda6c23fc86ee6;2025-01-01;2025-01-01 13:42:21.476327881
page_view;quiz_adventurous;33354fc7eefa4f23a7cda6c23fc86ee6;2025-01-01;2025-01-01 13:42:39.800409912
page_view;quiz_styles;33354fc7eefa4f23a7cda6c23fc86ee6;2025-01-01;2025-01-01 13:43:20.382710938
page_view;quiz_prices;33354fc7eefa4f23a7cda6c23fc86ee6;2025-01-01;2025-01-01 13:44:56.869396973
page_view;quiz_avoid;33354fc7eefa4f23a7cda6c23fc86ee6;2025-01-01;2025-01-01 13:45:13.973259033
page_view;quiz_footwear;33354fc7eefa4f23a7cda6c23fc86ee6;2025-01-01;2025-01-01 13:46:25.366170898
page_view;quiz_you;33354fc7eefa4f23a7cda6c23fc86ee6;2025-01-01;2025-01-01 13:46:52.606839111
page_view;quiz_photos;33354fc7eefa4f23a7cda6c23fc86ee6;2025-01-01;2025-01-01 13:47:08.634458008
page_view;quiz_you;33354fc7eefa4f23a7cda6c23fc86ee6;2025-01-01;2025-01-01 14:02:29.670970947
page_view;quiz_photos;33354fc7eefa4f23a7cda6c23fc86ee6;2025-01-01;2025-01-01 14:02:39.787183105
page_view;quiz_social;33354fc7eefa4f23a7cda6c23fc86ee6;2025-01-01;2025-01-01 14:05:53.462802002
page_view;quiz_signUp;33354fc7eefa4f23a7cda6c23fc86ee6;2025-01-01;2025-01-01 14:06:37.586673096
page_view;quiz_leisure;4b28a002f4e4447fa46615ac55d6bd95;2025-03-13;2025-03-13 19:24:13.353709961
page_view;quiz_leisure;4fcccc46bdd64ef9a4ca06936adcc718;2025-01-31;2025-01-31 10:06:48.652164062
page_view;quiz_leisure;4fcccc46bdd64ef9a4ca06936adcc718;2025-01-31;2025-01-31 21:31:33.600183105
page_view;quiz_leisure;4fcccc46bdd64ef9a4ca06936adcc718;2025-02-01;2025-02-01 17:07:25.952574951
page_view;quiz_work;4fcccc46bdd64ef9a4ca06936adcc718;2025-02-01;2025-02-01 17:07:36.544123047
page_view;quiz_fit;4fcccc46bdd64ef9a4ca06936adcc718;2025-02-01;2025-02-01 17:07:36.544123047
page_view;quiz_highlight;4fcccc46bdd64ef9a4ca06936adcc718;2025-02-01;2025-02-01 17:07:46.305157959
page_view;quiz_bodyShape;4fcccc46bdd64ef9a4ca06936adcc718;2025-02-01;2025-02-01 17:07:58.665552002
page_view;quiz_eyes;4fcccc46bdd64ef9a4ca06936adcc718;2025-02-01;2025-02-01 17:08:03.924364014
page_view;quiz_hair;4fcccc46bdd64ef9a4ca06936adcc718;2025-02-01;2025-02-01 17:08:12.781459961
page_view;quiz_sizes;4fcccc46bdd64ef9a4ca06936adcc718;2025-02-01;2025-02-01 17:08:12.781459961
page_view;quiz_measurements;4fcccc46bdd64ef9a4ca06936adcc718;2025-02-01;2025-02-01 17:08:44.532496094
page_view;quiz_focus;4fcccc46bdd64ef9a4ca06936adcc718;2025-02-01;2025-02-01 17:09:03.412518066
page_view;quiz_adventurous;4fcccc46bdd64ef9a4ca06936adcc718;2025-02-01;2025-02-01 17:09:07.892260010
page_view;quiz_styles;4fcccc46bdd64ef9a4ca06936adcc718;2025-02-01;2025-02-01 17:09:20.743381104
page_view;quiz_prices;4fcccc46bdd64ef9a4ca06936adcc718;2025-02-01;2025-02-01 17:09:31.085916992
page_view;quiz_avoid;4fcccc46bdd64ef9a4ca06936adcc718;2025-02-01;2025-02-01 17:09:31.085916992
page_view;quiz_footwear;4fcccc46bdd64ef9a4ca06936adcc718;2025-02-01;2025-02-01 17:10:00.160700928
page_view;quiz_you;4fcccc46bdd64ef9a4ca06936adcc718;2025-02-01;2025-02-01 17:10:09.624165039
page_view;quiz_photos;4fcccc46bdd64ef9a4ca06936adcc718;2025-02-01;2025-02-01 17:10:19.263038086
page_view;quiz_social;4fcccc46bdd64ef9a4ca06936adcc718;2025-02-01;2025-02-01 17:10:29.786714111
page_view;quiz_signUp;4fcccc46bdd64ef9a4ca06936adcc718;2025-02-01;2025-02-01 17:10:29.786714111
page_view;quiz_social;4fcccc46bdd64ef9a4ca06936adcc718;2025-02-01;2025-02-01 17:10:42.179812012
page_view;quiz_photos;4fcccc46bdd64ef9a4ca06936adcc718;2025-02-01;2025-02-01 17:10:42.179812012
page_view;quiz_you;4fcccc46bdd64ef9a4ca06936adcc718;2025-02-01;2025-02-01 18:33:40.675660889
page_view;quiz_footwear;4fcccc46bdd64ef9a4ca06936adcc718;2025-02-01;2025-02-01 18:33:46.889080078
page_view;quiz_avoid;4fcccc46bdd64ef9a4ca06936adcc718;2025-02-01;2025-02-01 18:33:46.889080078
page_view;quiz_prices;4fcccc46bdd64ef9a4ca06936adcc718;2025-02-01;2025-02-01 18:33:46.889080078
page_view;quiz_styles;4fcccc46bdd64ef9a4ca06936adcc718;2025-02-01;2025-02-01 18:33:46.889080078
page_view;quiz_adventurous;4fcccc46bdd64ef9a4ca06936adcc718;2025-02-01;2025-02-01 18:33:46.889080078
page_view;quiz_focus;4fcccc46bdd64ef9a4ca06936adcc718;2025-02-01;2025-02-01 18:33:53.296952881
page_view;quiz_measurements;4fcccc46bdd64ef9a4ca06936adcc718;2025-02-01;2025-02-01 18:33:53.296952881
page_view;quiz_sizes;4fcccc46bdd64ef9a4ca06936adcc718;2025-02-01;2025-02-01 18:33:53.296952881
page_view;quiz_hair;4fcccc46bdd64ef9a4ca06936adcc718;2025-02-01;2025-02-01 18:33:53.296952881
page_view;quiz_eyes;4fcccc46bdd64ef9a4ca06936adcc718;2025-02-01;2025-02-01 18:33:59.119310059
page_view;quiz_bodyShape;4fcccc46bdd64ef9a4ca06936adcc718;2025-02-01;2025-02-01 18:33:59.119310059
page_view;quiz_highlight;4fcccc46bdd64ef9a4ca06936adcc718;2025-02-01;2025-02-01 18:33:59.119310059
page_view;quiz_fit;4fcccc46bdd64ef9a4ca06936adcc718;2025-02-01;2025-02-01 18:33:59.119310059
page_view;quiz_leisure;5379734ea78c4b0f9580fb994ac93510;2025-01-01;2025-01-01 16:43:56.735231934
page_view;quiz_work;5379734ea78c4b0f9580fb994ac93510;2025-01-01;2025-01-01 16:44:03.368487061
page_view;quiz_fit;5379734ea78c4b0f9580fb994ac93510;2025-01-01;2025-01-01 16:44:08.198443115
page_view;quiz_highlight;5379734ea78c4b0f9580fb994ac93510;2025-01-01;2025-01-01 16:44:32.922522949
page_view;quiz_bodyShape;5379734ea78c4b0f9580fb994ac93510;2025-01-01;2025-01-01 16:44:53.497437988
page_view;quiz_eyes;5379734ea78c4b0f9580fb994ac93510;2025-01-01;2025-01-01 16:45:26.440850098
page_view;quiz_hair;5379734ea78c4b0f9580fb994ac93510;2025-01-01;2025-01-01 16:45:34.998874023
page_view;quiz_sizes;5379734ea78c4b0f9580fb994ac93510;2025-01-01;2025-01-01 16:45:52.480525879
page_view;quiz_measurements;5379734ea78c4b0f9580fb994ac93510;2025-01-01;2025-01-01 16:46:28.501694092
page_view;quiz_focus;5379734ea78c4b0f9580fb994ac93510;2025-01-01;2025-01-01 16:46:32.422902100
page_view;quiz_adventurous;5379734ea78c4b0f9580fb994ac93510;2025-01-01;2025-01-01 16:46:53.931542969
page_view;quiz_styles;5379734ea78c4b0f9580fb994ac93510;2025-01-01;2025-01-01 16:47:36.932450928
page_view;quiz_prices;5379734ea78c4b0f9580fb994ac93510;2025-01-01;2025-01-01 16:48:37.555931885
page_view;quiz_avoid;5379734ea78c4b0f9580fb994ac93510;2025-01-01;2025-01-01 16:48:47.148904053
page_view;quiz_prices;5379734ea78c4b0f9580fb994ac93510;2025-01-01;2025-01-01 16:48:47.148904053
page_view;quiz_avoid;5379734ea78c4b0f9580fb994ac93510;2025-01-01;2025-01-01 16:48:58.835456055
page_view;quiz_you;5379734ea78c4b0f9580fb994ac93510;2025-01-01;2025-01-01 16:49:06.813762939
page_view;quiz_photos;5379734ea78c4b0f9580fb994ac93510;2025-01-01;2025-01-01 16:49:31.564934082
page_view;quiz_social;5379734ea78c4b0f9580fb994ac93510;2025-01-01;2025-01-01 16:49:52.218054932
page_view;quiz_signUp;5379734ea78c4b0f9580fb994ac93510;2025-01-01;2025-01-01 16:50:02.844288086
page_view;quiz_leisure;5c2daffbac9545c0af75f557c03f2cb5;2025-01-24;2025-01-24 06:40:33.908209961
page_view;quiz_work;5c2daffbac9545c0af75f557c03f2cb5;2025-01-24;2025-01-24 06:40:54.082887939
page_view;quiz_fit;5c2daffbac9545c0af75f557c03f2cb5;2025-01-24;2025-01-24 06:41:11.555375000
page_view;quiz_highlight;5c2daffbac9545c0af75f557c03f2cb5;2025-01-24;2025-01-24 06:41:50.399032959
page_view;quiz_bodyShape;5c2daffbac9545c0af75f557c03f2cb5;2025-01-24;2025-01-24 06:42:31.968294922
page_view;quiz_eyes;5c2daffbac9545c0af75f557c03f2cb5;2025-01-24;2025-01-24 06:43:07.986909912
page_view;quiz_hair;5c2daffbac9545c0af75f557c03f2cb5;2025-01-24;2025-01-24 06:43:20.414871094
page_view;quiz_sizes;5c2daffbac9545c0af75f557c03f2cb5;2025-01-24;2025-01-24 06:43:28.979673096
page_view;quiz_measurements;5c2daffbac9545c0af75f557c03f2cb5;2025-01-24;2025-01-24 06:44:14.951290039
page_view;quiz_focus;5c2daffbac9545c0af75f557c03f2cb5;2025-01-24;2025-01-24 06:44:33.615613037
page_view;quiz_adventurous;5c2daffbac9545c0af75f557c03f2cb5;2025-01-24;2025-01-24 06:45:57.919396973
page_view;quiz_styles;5c2daffbac9545c0af75f557c03f2cb5;2025-01-24;2025-01-24 06:46:25.566683105
page_view;quiz_prices;5c2daffbac9545c0af75f557c03f2cb5;2025-01-24;2025-01-24 06:47:39.914916992
page_view;quiz_avoid;5c2daffbac9545c0af75f557c03f2cb5;2025-01-24;2025-01-24 06:47:57.854513916
page_view;quiz_footwear;5c2daffbac9545c0af75f557c03f2cb5;2025-01-24;2025-01-24 06:48:20.899349121
page_view;quiz_you;5c2daffbac9545c0af75f557c03f2cb5;2025-01-24;2025-01-24 06:49:22.572768066
page_view;quiz_photos;5c2daffbac9545c0af75f557c03f2cb5;2025-01-24;2025-01-24 06:50:24.374909912
page_view;quiz_social;5c2daffbac9545c0af75f557c03f2cb5;2025-01-24;2025-01-24 07:04:10.896311035
page_view;quiz_signUp;5c2daffbac9545c0af75f557c03f2cb5;2025-01-24;2025-01-24 07:05:10.863822998
page_view;quiz_work;737f909b223645dea116a98407ff4c38;2025-01-28;2025-01-28 08:55:07.769093018
page_view;quiz_fit;737f909b223645dea116a98407ff4c38;2025-01-28;2025-01-28 08:55:25.144020996
page_view;quiz_highlight;737f909b223645dea116a98407ff4c38;2025-01-28;2025-01-28 08:55:41.455167969
page_view;quiz_bodyShape;737f909b223645dea116a98407ff4c38;2025-01-28;2025-01-28 08:56:05.314050049
page_view;quiz_eyes;737f909b223645dea116a98407ff4c38;2025-01-28;2025-01-28 08:57:39.058172119
page_view;quiz_hair;737f909b223645dea116a98407ff4c38;2025-01-28;2025-01-28 08:57:49.017767090
page_view;quiz_sizes;737f909b223645dea116a98407ff4c38;2025-01-28;2025-01-28 08:57:49.017767090
page_view;quiz_measurements;737f909b223645dea116a98407ff4c38;2025-01-28;2025-01-28 08:58:26.369749023
page_view;quiz_focus;737f909b223645dea116a98407ff4c38;2025-01-28;2025-01-28 08:58:42.255187988
page_view;quiz_adventurous;737f909b223645dea116a98407ff4c38;2025-01-28;2025-01-28 08:58:52.849885986
page_view;quiz_styles;737f909b223645dea116a98407ff4c38;2025-01-28;2025-01-28 08:59:17.773168945
page_view;quiz_adventurous;737f909b223645dea116a98407ff4c38;2025-01-28;2025-01-28 08:59:17.773168945
page_view;quiz_styles;737f909b223645dea116a98407ff4c38;2025-01-28;2025-01-28 08:59:24.542989990
page_view;quiz_adventurous;737f909b223645dea116a98407ff4c38;2025-01-28;2025-01-28 08:59:59.315669922
page_view;quiz_styles;737f909b223645dea116a98407ff4c38;2025-01-28;2025-01-28 09:00:09.979349121
page_view;quiz_adventurous;737f909b223645dea116a98407ff4c38;2025-01-28;2025-01-28 09:00:26.401905029
page_view;quiz_styles;737f909b223645dea116a98407ff4c38;2025-01-28;2025-01-28 09:00:48.144714111
page_view;quiz_prices;737f909b223645dea116a98407ff4c38;2025-01-28;2025-01-28 09:01:49.643406006
page_view;quiz_avoid;737f909b223645dea116a98407ff4c38;2025-01-28;2025-01-28 09:01:59.779153076
page_view;quiz_footwear;737f909b223645dea116a98407ff4c38;2025-01-28;2025-01-28 09:02:38.089170898
page_view;quiz_you;737f909b223645dea116a98407ff4c38;2025-01-28;2025-01-28 09:03:52.399072998
page_view;quiz_photos;737f909b223645dea116a98407ff4c38;2025-01-28;2025-01-28 09:04:19.689875000
page_view;quiz_social;737f909b223645dea116a98407ff4c38;2025-01-28;2025-01-28 09:05:20.919303955
page_view;quiz_signUp;737f909b223645dea116a98407ff4c38;2025-01-28;2025-01-28 09:05:36.611658936
page_view;quiz_leisure;7c4e48f6b2b5467082ecbec04e1f10c5;2025-01-30;2025-01-30 13:12:36.550785889
page_view;quiz_work;7c4e48f6b2b5467082ecbec04e1f10c5;2025-01-30;2025-01-30 13:12:43.052300049
page_view;quiz_fit;7c4e48f6b2b5467082ecbec04e1f10c5;2025-01-30;2025-01-30 13:12:50.820374023
page_view;quiz_highlight;7c4e48f6b2b5467082ecbec04e1f10c5;2025-01-30;2025-01-30 13:12:50.820374023
page_view;quiz_bodyShape;7c4e48f6b2b5467082ecbec04e1f10c5;2025-01-30;2025-01-30 13:13:03.178162109
page_view;quiz_eyes;7c4e48f6b2b5467082ecbec04e1f10c5;2025-01-30;2025-01-30 13:13:24.691185059
page_view;quiz_hair;7c4e48f6b2b5467082ecbec04e1f10c5;2025-01-30;2025-01-30 13:13:30.731673096
page_view;quiz_sizes;7c4e48f6b2b5467082ecbec04e1f10c5;2025-01-30;2025-01-30 13:13:43.956517090
page_view;quiz_measurements;7c4e48f6b2b5467082ecbec04e1f10c5;2025-01-30;2025-01-30 13:13:50.673816895
page_view;quiz_focus;7c4e48f6b2b5467082ecbec04e1f10c5;2025-01-30;2025-01-30 13:13:50.673816895
page_view;quiz_adventurous;7c4e48f6b2b5467082ecbec04e1f10c5;2025-01-30;2025-01-30 13:14:04.218625000
page_view;quiz_styles;7c4e48f6b2b5467082ecbec04e1f10c5;2025-01-30;2025-01-30 13:14:11.265085938
page_view;quiz_prices;7c4e48f6b2b5467082ecbec04e1f10c5;2025-01-30;2025-01-30 13:15:02.852177979
page_view;quiz_styles;7c4e48f6b2b5467082ecbec04e1f10c5;2025-01-30;2025-01-30 13:15:02.852177979
page_view;quiz_prices;7c4e48f6b2b5467082ecbec04e1f10c5;2025-01-30;2025-01-30 13:15:13.990816895
page_view;quiz_avoid;7c4e48f6b2b5467082ecbec04e1f10c5;2025-01-30;2025-01-30 13:15:13.995145996
page_view;quiz_footwear;7c4e48f6b2b5467082ecbec04e1f10c5;2025-01-30;2025-01-30 13:15:28.964685059
page_view;quiz_you;7c4e48f6b2b5467082ecbec04e1f10c5;2025-01-30;2025-01-30 13:15:52.467631104
page_view;quiz_photos;7c4e48f6b2b5467082ecbec04e1f10c5;2025-01-30;2025-01-30 13:15:52.467631104
page_view;quiz_social;7c4e48f6b2b5467082ecbec04e1f10c5;2025-01-30;2025-01-30 13:16:05.315756104
page_view;quiz_signUp;7c4e48f6b2b5467082ecbec04e1f10c5;2025-01-30;2025-01-30 13:16:16.900718994
page_view;quiz_leisure;7c4e48f6b2b5467082ecbec04e1f10c5;2025-01-30;2025-01-30 13:22:48.231853027
page_view;quiz_work;7c4e48f6b2b5467082ecbec04e1f10c5;2025-01-30;2025-01-30 13:22:48.231853027
page_view;quiz_fit;7c4e48f6b2b5467082ecbec04e1f10c5;2025-01-30;2025-01-30 13:22:48.231853027
page_view;quiz_highlight;7c4e48f6b2b5467082ecbec04e1f10c5;2025-01-30;2025-01-30 13:22:56.885980957
page_view;quiz_bodyShape;7c4e48f6b2b5467082ecbec04e1f10c5;2025-01-30;2025-01-30 13:22:56.885980957
page_view;quiz_eyes;7c4e48f6b2b5467082ecbec04e1f10c5;2025-01-30;2025-01-30 13:22:56.885980957
page_view;quiz_hair;7c4e48f6b2b5467082ecbec04e1f10c5;2025-01-30;2025-01-30 13:23:03.199156006
page_view;quiz_sizes;7c4e48f6b2b5467082ecbec04e1f10c5;2025-01-30;2025-01-30 13:23:03.199156006
page_view;quiz_measurements;7c4e48f6b2b5467082ecbec04e1f10c5;2025-01-30;2025-01-30 13:23:03.199156006
page_view;quiz_focus;7c4e48f6b2b5467082ecbec04e1f10c5;2025-01-30;2025-01-30 13:23:09.665360107
page_view;quiz_adventurous;7c4e48f6b2b5467082ecbec04e1f10c5;2025-01-30;2025-01-30 13:23:09.665360107
page_view;quiz_styles;7c4e48f6b2b5467082ecbec04e1f10c5;2025-01-30;2025-01-30 13:23:22.084284912
page_view;quiz_prices;7c4e48f6b2b5467082ecbec04e1f10c5;2025-01-30;2025-01-30 13:23:22.084284912
page_view;quiz_avoid;7c4e48f6b2b5467082ecbec04e1f10c5;2025-01-30;2025-01-30 13:23:29.219810059
page_view;quiz_footwear;7c4e48f6b2b5467082ecbec04e1f10c5;2025-01-30;2025-01-30 13:23:29.219810059
page_view;quiz_you;7c4e48f6b2b5467082ecbec04e1f10c5;2025-01-30;2025-01-30 13:23:36.077587891
page_view;quiz_photos;7c4e48f6b2b5467082ecbec04e1f10c5;2025-01-30;2025-01-30 13:23:36.080904053
page_view;quiz_social;7c4e48f6b2b5467082ecbec04e1f10c5;2025-01-30;2025-01-30 13:44:00.183836914
page_view;quiz_signUp;7c4e48f6b2b5467082ecbec04e1f10c5;2025-01-30;2025-01-30 13:48:53.499326904
page_view;quiz_social;7c4e48f6b2b5467082ecbec04e1f10c5;2025-01-30;2025-01-30 13:49:06.039638916
page_view;quiz_work;90a01965db9a4092a66ac88a6906ab68;2025-01-01;2025-01-01 09:30:06.861964111
page_view;quiz_fit;90a01965db9a4092a66ac88a6906ab68;2025-01-01;2025-01-01 09:30:15.237452881
page_view;quiz_highlight;90a01965db9a4092a66ac88a6906ab68;2025-01-01;2025-01-01 09:30:32.755612061
page_view;quiz_bodyShape;90a01965db9a4092a66ac88a6906ab68;2025-01-01;2025-01-01 09:30:52.229279053
page_view;quiz_eyes;90a01965db9a4092a66ac88a6906ab68;2025-01-01;2025-01-01 09:30:55.877687012
page_view;quiz_hair;90a01965db9a4092a66ac88a6906ab68;2025-01-01;2025-01-01 09:31:07.122657959
page_view;quiz_sizes;90a01965db9a4092a66ac88a6906ab68;2025-01-01;2025-01-01 09:31:07.122657959
page_view;quiz_measurements;90a01965db9a4092a66ac88a6906ab68;2025-01-01;2025-01-01 09:32:02.332111084
page_view;quiz_focus;90a01965db9a4092a66ac88a6906ab68;2025-01-01;2025-01-01 09:32:19.372668945
page_view;quiz_adventurous;90a01965db9a4092a66ac88a6906ab68;2025-01-01;2025-01-01 09:32:32.477874023
page_view;quiz_styles;90a01965db9a4092a66ac88a6906ab68;2025-01-01;2025-01-01 09:32:49.842065918
page_view;quiz_prices;90a01965db9a4092a66ac88a6906ab68;2025-01-01;2025-01-01 09:33:35.233248047
page_view;quiz_avoid;90a01965db9a4092a66ac88a6906ab68;2025-01-01;2025-01-01 09:33:51.066061035
page_view;quiz_you;90a01965db9a4092a66ac88a6906ab68;2025-01-01;2025-01-01 09:34:10.972066895
page_view;quiz_photos;90a01965db9a4092a66ac88a6906ab68;2025-01-01;2025-01-01 09:34:24.987083008
page_view;quiz_social;90a01965db9a4092a66ac88a6906ab68;2025-01-01;2025-01-01 09:35:12.329290039
page_view;quiz_signUp;90a01965db9a4092a66ac88a6906ab68;2025-01-01;2025-01-01 09:35:22.862607910
page_view;quiz_work;949606b3283c4412b6a11b92cf58440c;2025-01-02;2025-01-02 00:48:27.732989990
page_view;quiz_fit;949606b3283c4412b6a11b92cf58440c;2025-01-02;2025-01-02 00:48:38.860693115
page_view;quiz_highlight;949606b3283c4412b6a11b92cf58440c;2025-01-02;2025-01-02 00:49:03.431550049
page_view;quiz_bodyShape;949606b3283c4412b6a11b92cf58440c;2025-01-02;2025-01-02 00:49:24.246965088
page_view;quiz_eyes;949606b3283c4412b6a11b92cf58440c;2025-01-02;2025-01-02 00:50:19.936748047
page_view;quiz_hair;949606b3283c4412b6a11b92cf58440c;2025-01-02;2025-01-02 00:50:31.719498047
page_view;quiz_sizes;949606b3283c4412b6a11b92cf58440c;2025-01-02;2025-01-02 00:50:43.865696045
page_view;quiz_measurements;949606b3283c4412b6a11b92cf58440c;2025-01-02;2025-01-02 00:51:24.033897949
page_view;quiz_focus;949606b3283c4412b6a11b92cf58440c;2025-01-02;2025-01-02 00:51:35.629811035
page_view;quiz_adventurous;949606b3283c4412b6a11b92cf58440c;2025-01-02;2025-01-02 00:51:57.836583984
page_view;quiz_styles;949606b3283c4412b6a11b92cf58440c;2025-01-02;2025-01-02 00:52:33.377389893
page_view;quiz_prices;949606b3283c4412b6a11b92cf58440c;2025-01-02;2025-01-02 00:53:22.756430908
page_view;quiz_avoid;949606b3283c4412b6a11b92cf58440c;2025-01-02;2025-01-02 00:53:34.594096924
page_view;quiz_footwear;949606b3283c4412b6a11b92cf58440c;2025-01-02;2025-01-02 00:53:54.140669922
page_view;quiz_you;949606b3283c4412b6a11b92cf58440c;2025-01-02;2025-01-02 00:54:18.737625977
page_view;quiz_photos;949606b3283c4412b6a11b92cf58440c;2025-01-02;2025-01-02 00:54:37.993865967
page_view;quiz_social;949606b3283c4412b6a11b92cf58440c;2025-01-02;2025-01-02 00:54:50.277479980
page_view;quiz_signUp;949606b3283c4412b6a11b92cf58440c;2025-01-02;2025-01-02 00:54:57.897872070
page_view;quiz_work;95365d68577a496ebef077e0597ee18b;2025-01-28;2025-01-28 12:19:41.198295898
page_view;quiz_work;95365d68577a496ebef077e0597ee18b;2025-01-28;2025-01-28 12:20:03.544948975
page_view;quiz_fit;95365d68577a496ebef077e0597ee18b;2025-01-28;2025-01-28 12:20:04.982076904
page_view;quiz_highlight;95365d68577a496ebef077e0597ee18b;2025-01-28;2025-01-28 12:20:34.016065918
page_view;quiz_bodyShape;95365d68577a496ebef077e0597ee18b;2025-01-28;2025-01-28 12:20:54.998935059
page_view;quiz_eyes;95365d68577a496ebef077e0597ee18b;2025-01-28;2025-01-28 12:21:12.179562012
page_view;quiz_hair;95365d68577a496ebef077e0597ee18b;2025-01-28;2025-01-28 12:21:27.087502930
page_view;quiz_sizes;95365d68577a496ebef077e0597ee18b;2025-01-28;2025-01-28 12:21:37.395759033
page_view;quiz_measurements;95365d68577a496ebef077e0597ee18b;2025-01-28;2025-01-28 12:22:04.986541992
page_view;quiz_focus;95365d68577a496ebef077e0597ee18b;2025-01-28;2025-01-28 12:22:15.116511962
page_view;quiz_adventurous;95365d68577a496ebef077e0597ee18b;2025-01-28;2025-01-28 12:22:35.095465088
page_view;quiz_styles;95365d68577a496ebef077e0597ee18b;2025-01-28;2025-01-28 12:23:12.071047119
page_view;quiz_prices;95365d68577a496ebef077e0597ee18b;2025-01-28;2025-01-28 12:24:20.331032959
page_view;quiz_avoid;95365d68577a496ebef077e0597ee18b;2025-01-28;2025-01-28 12:24:34.270958984
page_view;quiz_footwear;95365d68577a496ebef077e0597ee18b;2025-01-28;2025-01-28 12:24:53.245018066
page_view;quiz_you;95365d68577a496ebef077e0597ee18b;2025-01-28;2025-01-28 12:25:21.659200928
page_view;quiz_photos;95365d68577a496ebef077e0597ee18b;2025-01-28;2025-01-28 12:25:34.033438965
page_view;quiz_social;95365d68577a496ebef077e0597ee18b;2025-01-28;2025-01-28 12:32:24.780577881
page_view;quiz_signUp;95365d68577a496ebef077e0597ee18b;2025-01-28;2025-01-28 12:32:39.779095947
page_view;quiz_work;963c4eb5c1cd45aebfd2e6d184becd5e;2025-01-31;2025-01-31 10:50:58.127288086
page_view;quiz_fit;963c4eb5c1cd45aebfd2e6d184becd5e;2025-01-31;2025-01-31 10:51:15.096517090
page_view;quiz_highlight;963c4eb5c1cd45aebfd2e6d184becd5e;2025-01-31;2025-01-31 10:51:30.319387939
page_view;quiz_bodyShape;963c4eb5c1cd45aebfd2e6d184becd5e;2025-01-31;2025-01-31 10:51:59.716722900
page_view;quiz_eyes;963c4eb5c1cd45aebfd2e6d184becd5e;2025-01-31;2025-01-31 10:52:36.693153076
page_view;quiz_hair;963c4eb5c1cd45aebfd2e6d184becd5e;2025-01-31;2025-01-31 10:52:43.024386963
page_view;quiz_sizes;963c4eb5c1cd45aebfd2e6d184becd5e;2025-01-31;2025-01-31 10:52:48.285076904
page_view;quiz_measurements;963c4eb5c1cd45aebfd2e6d184becd5e;2025-01-31;2025-01-31 10:53:18.619706055
page_view;quiz_focus;963c4eb5c1cd45aebfd2e6d184becd5e;2025-01-31;2025-01-31 10:53:39.405912109
page_view;quiz_adventurous;963c4eb5c1cd45aebfd2e6d184becd5e;2025-01-31;2025-01-31 10:53:52.655650879
page_view;quiz_styles;963c4eb5c1cd45aebfd2e6d184becd5e;2025-01-31;2025-01-31 10:54:11.297905029
page_view;quiz_prices;963c4eb5c1cd45aebfd2e6d184becd5e;2025-01-31;2025-01-31 10:55:07.721732910
page_view;quiz_avoid;963c4eb5c1cd45aebfd2e6d184becd5e;2025-01-31;2025-01-31 10:55:27.271469971
page_view;quiz_you;963c4eb5c1cd45aebfd2e6d184becd5e;2025-01-31;2025-01-31 10:56:03.330437988
page_view;quiz_photos;963c4eb5c1cd45aebfd2e6d184becd5e;2025-01-31;2025-01-31 10:56:19.871144043
page_view;quiz_social;963c4eb5c1cd45aebfd2e6d184becd5e;2025-01-31;2025-01-31 10:56:39.677145020
page_view;quiz_signUp;963c4eb5c1cd45aebfd2e6d184becd5e;2025-01-31;2025-01-31 10:56:39.677145020
page_view;quiz_work;976cb84e48004e9ea83da2c37a5bb776;2025-01-27;2025-01-27 21:38:33.055812012
page_view;quiz_fit;976cb84e48004e9ea83da2c37a5bb776;2025-01-27;2025-01-27 21:38:52.414308105
page_view;quiz_highlight;976cb84e48004e9ea83da2c37a5bb776;2025-01-27;2025-01-27 21:39:09.238038086
page_view;quiz_bodyShape;976cb84e48004e9ea83da2c37a5bb776;2025-01-27;2025-01-27 21:39:29.493691895
page_view;quiz_eyes;976cb84e48004e9ea83da2c37a5bb776;2025-01-27;2025-01-27 21:39:33.252425049
page_view;quiz_bodyShape;976cb84e48004e9ea83da2c37a5bb776;2025-01-27;2025-01-27 21:39:39.915591064
page_view;quiz_eyes;976cb84e48004e9ea83da2c37a5bb776;2025-01-27;2025-01-27 21:39:46.296851074
page_view;quiz_hair;976cb84e48004e9ea83da2c37a5bb776;2025-01-27;2025-01-27 21:39:55.095563965
page_view;quiz_sizes;976cb84e48004e9ea83da2c37a5bb776;2025-01-27;2025-01-27 21:39:55.095563965
page_view;quiz_measurements;976cb84e48004e9ea83da2c37a5bb776;2025-01-27;2025-01-27 21:40:33.826084961
page_view;quiz_focus;976cb84e48004e9ea83da2c37a5bb776;2025-01-27;2025-01-27 21:40:37.767268066
page_view;quiz_adventurous;976cb84e48004e9ea83da2c37a5bb776;2025-01-27;2025-01-27 21:40:58.437407959
page_view;quiz_styles;976cb84e48004e9ea83da2c37a5bb776;2025-01-27;2025-01-27 21:41:19.561623047
page_view;quiz_prices;976cb84e48004e9ea83da2c37a5bb776;2025-01-27;2025-01-27 21:43:13.248414062
page_view;quiz_avoid;976cb84e48004e9ea83da2c37a5bb776;2025-01-27;2025-01-27 21:43:28.690601074
page_view;quiz_footwear;976cb84e48004e9ea83da2c37a5bb776;2025-01-27;2025-01-27 21:43:58.877779053
page_view;quiz_you;976cb84e48004e9ea83da2c37a5bb776;2025-01-27;2025-01-27 21:44:35.919974121
page_view;quiz_photos;976cb84e48004e9ea83da2c37a5bb776;2025-01-27;2025-01-27 21:45:14.411465088
page_view;quiz_social;976cb84e48004e9ea83da2c37a5bb776;2025-01-27;2025-01-27 21:52:58.984117920
page_view;quiz_signUp;976cb84e48004e9ea83da2c37a5bb776;2025-01-27;2025-01-27 21:54:11.370479980
page_view;quiz_leisure;a7c3e11d30ab4d3b893c9528f9403532;2025-02-15;2025-02-15 10:52:19.080035889
page_view;quiz_leisure;a7c3e11d30ab4d3b893c9528f9403532;2025-03-21;2025-03-21 15:29:27.454603027
page_view;quiz_leisure;a99226f446db4bc4aa8f69260a228ba8;2025-01-30;2025-01-30 15:29:27.038318115
page_view;quiz_leisure;a99226f446db4bc4aa8f69260a228ba8;2025-01-30;2025-01-30 15:46:37.736616943
page_view;quiz_work;a99226f446db4bc4aa8f69260a228ba8;2025-01-30;2025-01-30 15:46:52.273783936
page_view;quiz_fit;a99226f446db4bc4aa8f69260a228ba8;2025-01-30;2025-01-30 15:46:59.362680908
page_view;quiz_highlight;a99226f446db4bc4aa8f69260a228ba8;2025-01-30;2025-01-30 15:47:31.541156982
page_view;quiz_bodyShape;a99226f446db4bc4aa8f69260a228ba8;2025-01-30;2025-01-30 15:48:31.135948975
page_view;quiz_eyes;a99226f446db4bc4aa8f69260a228ba8;2025-01-30;2025-01-30 15:48:43.003790039
page_view;quiz_hair;a99226f446db4bc4aa8f69260a228ba8;2025-01-30;2025-01-30 15:48:55.159180908
page_view;quiz_sizes;a99226f446db4bc4aa8f69260a228ba8;2025-01-30;2025-01-30 15:49:03.908541016
page_view;quiz_measurements;a99226f446db4bc4aa8f69260a228ba8;2025-01-30;2025-01-30 15:49:44.994127929
page_view;quiz_focus;a99226f446db4bc4aa8f69260a228ba8;2025-01-30;2025-01-30 15:50:11.169200928
page_view;quiz_adventurous;a99226f446db4bc4aa8f69260a228ba8;2025-01-30;2025-01-30 15:50:37.523069092
page_view;quiz_styles;a99226f446db4bc4aa8f69260a228ba8;2025-01-30;2025-01-30 15:50:46.047159912
page_view;quiz_prices;a99226f446db4bc4aa8f69260a228ba8;2025-01-30;2025-01-30 15:51:39.186440918
page_view;quiz_avoid;a99226f446db4bc4aa8f69260a228ba8;2025-01-30;2025-01-30 15:51:45.790750000
page_view;quiz_you;a99226f446db4bc4aa8f69260a228ba8;2025-01-30;2025-01-30 15:51:55.464781982
page_view;quiz_photos;a99226f446db4bc4aa8f69260a228ba8;2025-01-30;2025-01-30 15:52:29.497217041
page_view;quiz_social;a99226f446db4bc4aa8f69260a228ba8;2025-01-30;2025-01-30 15:52:29.497217041
page_view;quiz_signUp;a99226f446db4bc4aa8f69260a228ba8;2025-01-30;2025-01-30 15:52:35.872112061
page_view;quiz_work;acbf5c91ee5e4ca8acfd90c2791193e8;2025-01-27;2025-01-27 09:59:14.079665039
page_view;quiz_fit;acbf5c91ee5e4ca8acfd90c2791193e8;2025-01-27;2025-01-27 09:59:26.086322998
page_view;quiz_highlight;acbf5c91ee5e4ca8acfd90c2791193e8;2025-01-27;2025-01-27 09:59:48.153995117
page_view;quiz_bodyShape;acbf5c91ee5e4ca8acfd90c2791193e8;2025-01-27;2025-01-27 10:00:09.717443115
page_view;quiz_eyes;acbf5c91ee5e4ca8acfd90c2791193e8;2025-01-27;2025-01-27 10:00:47.026791016
page_view;quiz_hair;acbf5c91ee5e4ca8acfd90c2791193e8;2025-01-27;2025-01-27 10:00:58.911881104
page_view;quiz_sizes;acbf5c91ee5e4ca8acfd90c2791193e8;2025-01-27;2025-01-27 10:01:10.902917969
page_view;quiz_measurements;acbf5c91ee5e4ca8acfd90c2791193e8;2025-01-27;2025-01-27 10:01:42.855531982
page_view;quiz_focus;acbf5c91ee5e4ca8acfd90c2791193e8;2025-01-27;2025-01-27 10:01:48.351699951
page_view;quiz_adventurous;acbf5c91ee5e4ca8acfd90c2791193e8;2025-01-27;2025-01-27 10:02:10.644804932
page_view;quiz_styles;acbf5c91ee5e4ca8acfd90c2791193e8;2025-01-27;2025-01-27 10:02:45.028868896
page_view;quiz_prices;acbf5c91ee5e4ca8acfd90c2791193e8;2025-01-27;2025-01-27 10:04:07.731837891
page_view;quiz_avoid;acbf5c91ee5e4ca8acfd90c2791193e8;2025-01-27;2025-01-27 10:04:19.648498047
page_view;quiz_footwear;acbf5c91ee5e4ca8acfd90c2791193e8;2025-01-27;2025-01-27 10:04:35.638663086
page_view;quiz_you;acbf5c91ee5e4ca8acfd90c2791193e8;2025-01-27;2025-01-27 10:05:03.808634033
page_view;quiz_photos;acbf5c91ee5e4ca8acfd90c2791193e8;2025-01-27;2025-01-27 10:05:20.609668945
page_view;quiz_social;acbf5c91ee5e4ca8acfd90c2791193e8;2025-01-27;2025-01-27 10:05:54.914388916
page_view;quiz_signUp;acbf5c91ee5e4ca8acfd90c2791193e8;2025-01-27;2025-01-27 10:05:54.914388916
page_view;quiz_leisure;b6bb83ff11db4f308bcae492d7a384ea;2025-03-29;2025-03-29 17:01:02.819108887
page_view;quiz_leisure;b6bb83ff11db4f308bcae492d7a384ea;2025-03-29;2025-03-29 17:01:28.335916016
page_view;quiz_work;bcd5f9f0dd3f43e787a11010cb626433;2025-01-21;2025-01-21 13:26:28.329910889
page_view;quiz_fit;bcd5f9f0dd3f43e787a11010cb626433;2025-01-21;2025-01-21 13:26:35.744737061
page_view;quiz_highlight;bcd5f9f0dd3f43e787a11010cb626433;2025-01-21;2025-01-21 13:26:45.850149902
page_view;quiz_bodyShape;bcd5f9f0dd3f43e787a11010cb626433;2025-01-21;2025-01-21 13:27:01.138019043
page_view;quiz_eyes;bcd5f9f0dd3f43e787a11010cb626433;2025-01-21;2025-01-21 13:27:13.476344971
page_view;quiz_hair;bcd5f9f0dd3f43e787a11010cb626433;2025-01-21;2025-01-21 13:27:26.307364990
page_view;quiz_sizes;bcd5f9f0dd3f43e787a11010cb626433;2025-01-21;2025-01-21 13:27:32.989720947
page_view;quiz_measurements;bcd5f9f0dd3f43e787a11010cb626433;2025-01-21;2025-01-21 13:27:56.092450928
page_view;quiz_focus;bcd5f9f0dd3f43e787a11010cb626433;2025-01-21;2025-01-21 13:28:09.060479980
page_view;quiz_adventurous;bcd5f9f0dd3f43e787a11010cb626433;2025-01-21;2025-01-21 13:28:14.276120117
page_view;quiz_styles;bcd5f9f0dd3f43e787a11010cb626433;2025-01-21;2025-01-21 13:28:27.214592041
page_view;quiz_prices;bcd5f9f0dd3f43e787a11010cb626433;2025-01-21;2025-01-21 13:28:45.053032959
page_view;quiz_avoid;bcd5f9f0dd3f43e787a11010cb626433;2025-01-21;2025-01-21 13:28:50.272013916
page_view;quiz_footwear;bcd5f9f0dd3f43e787a11010cb626433;2025-01-21;2025-01-21 13:29:00.989947998
page_view;quiz_you;bcd5f9f0dd3f43e787a11010cb626433;2025-01-21;2025-01-21 13:29:18.547427979
page_view;quiz_photos;bcd5f9f0dd3f43e787a11010cb626433;2025-01-21;2025-01-21 13:29:27.552081055
page_view;quiz_social;bcd5f9f0dd3f43e787a11010cb626433;2025-01-21;2025-01-21 13:29:36.643492920
page_view;quiz_signUp;bcd5f9f0dd3f43e787a11010cb626433;2025-01-21;2025-01-21 13:29:36.643492920
page_view;quiz_leisure;bfe389a3d0744080825867c731cf194d;2025-01-23;2025-01-23 12:22:47.121912109
page_view;quiz_work;bfe389a3d0744080825867c731cf194d;2025-01-23;2025-01-23 12:22:57.131604980
page_view;quiz_fit;bfe389a3d0744080825867c731cf194d;2025-01-23;2025-01-23 12:23:04.358958984
page_view;quiz_highlight;bfe389a3d0744080825867c731cf194d;2025-01-23;2025-01-23 12:23:19.802187988
page_view;quiz_bodyShape;bfe389a3d0744080825867c731cf194d;2025-01-23;2025-01-23 12:23:53.245236084
page_view;quiz_eyes;bfe389a3d0744080825867c731cf194d;2025-01-23;2025-01-23 12:24:21.624425049
page_view;quiz_hair;bfe389a3d0744080825867c731cf194d;2025-01-23;2025-01-23 12:24:22.241695068
page_view;quiz_sizes;bfe389a3d0744080825867c731cf194d;2025-01-23;2025-01-23 12:24:34.573818115
page_view;quiz_measurements;bfe389a3d0744080825867c731cf194d;2025-01-23;2025-01-23 12:24:56.743895020
page_view;quiz_focus;bfe389a3d0744080825867c731cf194d;2025-01-23;2025-01-23 12:25:11.091041016
page_view;quiz_adventurous;bfe389a3d0744080825867c731cf194d;2025-01-23;2025-01-23 12:25:26.630180908
page_view;quiz_styles;bfe389a3d0744080825867c731cf194d;2025-01-23;2025-01-23 12:25:40.310197998
page_view;quiz_prices;bfe389a3d0744080825867c731cf194d;2025-01-23;2025-01-23 12:26:24.413841064
page_view;quiz_avoid;bfe389a3d0744080825867c731cf194d;2025-01-23;2025-01-23 12:26:24.413841064
page_view;quiz_footwear;bfe389a3d0744080825867c731cf194d;2025-01-23;2025-01-23 12:26:48.330533936
page_view;quiz_you;bfe389a3d0744080825867c731cf194d;2025-01-23;2025-01-23 12:28:13.446728027
page_view;quiz_photos;bfe389a3d0744080825867c731cf194d;2025-01-23;2025-01-23 12:29:01.477830078
page_view;quiz_signUp;bfe389a3d0744080825867c731cf194d;2025-01-23;2025-01-23 12:29:16.450893066
page_view;quiz_social;bfe389a3d0744080825867c731cf194d;2025-01-23;2025-01-23 12:29:16.452812012
page_view;quiz_work;c122da2281a540c8a9fdac722a0c4b7e;2025-01-27;2025-01-27 17:58:58.639077881
page_view;quiz_fit;c122da2281a540c8a9fdac722a0c4b7e;2025-01-27;2025-01-27 17:59:14.186107910
page_view;quiz_highlight;c122da2281a540c8a9fdac722a0c4b7e;2025-01-27;2025-01-27 17:59:38.888939941
page_view;quiz_bodyShape;c122da2281a540c8a9fdac722a0c4b7e;2025-01-27;2025-01-27 17:59:59.815487061
page_view;quiz_eyes;c122da2281a540c8a9fdac722a0c4b7e;2025-01-27;2025-01-27 18:00:55.713025879
page_view;quiz_hair;c122da2281a540c8a9fdac722a0c4b7e;2025-01-27;2025-01-27 18:01:04.088440918
page_view;quiz_sizes;c122da2281a540c8a9fdac722a0c4b7e;2025-01-27;2025-01-27 18:01:05.443263916
page_view;quiz_measurements;c122da2281a540c8a9fdac722a0c4b7e;2025-01-27;2025-01-27 18:01:48.438760986
page_view;quiz_focus;c122da2281a540c8a9fdac722a0c4b7e;2025-01-27;2025-01-27 18:01:59.963697998
page_view;quiz_adventurous;c122da2281a540c8a9fdac722a0c4b7e;2025-01-27;2025-01-27 18:02:13.898665039
page_view;quiz_styles;c122da2281a540c8a9fdac722a0c4b7e;2025-01-27;2025-01-27 18:02:36.443405029
page_view;quiz_prices;c122da2281a540c8a9fdac722a0c4b7e;2025-01-27;2025-01-27 18:05:04.954094971
page_view;quiz_avoid;c122da2281a540c8a9fdac722a0c4b7e;2025-01-27;2025-01-27 18:05:29.226413086
page_view;quiz_you;c122da2281a540c8a9fdac722a0c4b7e;2025-01-27;2025-01-27 18:05:58.727825928
page_view;quiz_photos;c122da2281a540c8a9fdac722a0c4b7e;2025-01-27;2025-01-27 18:06:11.978583984
page_view;quiz_social;c122da2281a540c8a9fdac722a0c4b7e;2025-01-27;2025-01-27 18:09:31.926439941
page_view;quiz_signUp;c122da2281a540c8a9fdac722a0c4b7e;2025-01-27;2025-01-27 18:09:51.690500000
page_view;quiz_work;cc9ae9dbfb1e4e69af9a6db46c7d9ad5;2025-02-09;2025-02-09 20:48:44.280556885
page_view;quiz_fit;cc9ae9dbfb1e4e69af9a6db46c7d9ad5;2025-02-09;2025-02-09 20:48:50.126544922
page_view;quiz_highlight;cc9ae9dbfb1e4e69af9a6db46c7d9ad5;2025-02-09;2025-02-09 20:49:15.231430908
page_view;quiz_bodyShape;cc9ae9dbfb1e4e69af9a6db46c7d9ad5;2025-02-09;2025-02-09 20:49:28.104635986
page_view;quiz_eyes;cc9ae9dbfb1e4e69af9a6db46c7d9ad5;2025-02-09;2025-02-09 20:50:36.283954102
page_view;quiz_hair;cc9ae9dbfb1e4e69af9a6db46c7d9ad5;2025-02-09;2025-02-09 20:50:53.294220947
page_view;quiz_sizes;cc9ae9dbfb1e4e69af9a6db46c7d9ad5;2025-02-09;2025-02-09 20:50:59.591708008
page_view;quiz_measurements;cc9ae9dbfb1e4e69af9a6db46c7d9ad5;2025-02-09;2025-02-09 20:51:37.865221924
page_view;quiz_focus;cc9ae9dbfb1e4e69af9a6db46c7d9ad5;2025-02-09;2025-02-09 20:51:55.740750977
page_view;quiz_adventurous;cc9ae9dbfb1e4e69af9a6db46c7d9ad5;2025-02-09;2025-02-09 20:52:33.411801025
page_view;quiz_styles;cc9ae9dbfb1e4e69af9a6db46c7d9ad5;2025-02-09;2025-02-09 20:52:56.482586914
page_view;quiz_prices;cc9ae9dbfb1e4e69af9a6db46c7d9ad5;2025-02-09;2025-02-09 20:55:31.839937988
page_view;quiz_avoid;cc9ae9dbfb1e4e69af9a6db46c7d9ad5;2025-02-09;2025-02-09 20:55:56.208501953
page_view;quiz_footwear;cc9ae9dbfb1e4e69af9a6db46c7d9ad5;2025-02-09;2025-02-09 20:56:11.602239990
page_view;quiz_you;cc9ae9dbfb1e4e69af9a6db46c7d9ad5;2025-02-09;2025-02-09 20:56:55.396397949
page_view;quiz_photos;cc9ae9dbfb1e4e69af9a6db46c7d9ad5;2025-02-09;2025-02-09 20:57:45.781843018
page_view;quiz_social;cc9ae9dbfb1e4e69af9a6db46c7d9ad5;2025-02-09;2025-02-09 20:58:09.696190918
page_view;quiz_signUp;cc9ae9dbfb1e4e69af9a6db46c7d9ad5;2025-02-09;2025-02-09 20:58:26.344780029
page_view;quiz_work;d5bca4c6324a43e1867c2e9a36575fb3;2025-01-29;2025-01-29 11:09:39.810104004
page_view;quiz_fit;d5bca4c6324a43e1867c2e9a36575fb3;2025-01-29;2025-01-29 11:09:49.627058105
page_view;quiz_highlight;d5bca4c6324a43e1867c2e9a36575fb3;2025-01-29;2025-01-29 11:10:09.845478027
page_view;quiz_bodyShape;d5bca4c6324a43e1867c2e9a36575fb3;2025-01-29;2025-01-29 11:10:29.588991943
page_view;quiz_eyes;d5bca4c6324a43e1867c2e9a36575fb3;2025-01-29;2025-01-29 11:11:21.585925049
page_view;quiz_hair;d5bca4c6324a43e1867c2e9a36575fb3;2025-01-29;2025-01-29 11:11:38.532989014
page_view;quiz_sizes;d5bca4c6324a43e1867c2e9a36575fb3;2025-01-29;2025-01-29 11:11:50.342544922
page_view;quiz_measurements;d5bca4c6324a43e1867c2e9a36575fb3;2025-01-29;2025-01-29 11:12:21.356300049
page_view;quiz_focus;d5bca4c6324a43e1867c2e9a36575fb3;2025-01-29;2025-01-29 11:12:46.346643066
page_view;quiz_adventurous;d5bca4c6324a43e1867c2e9a36575fb3;2025-01-29;2025-01-29 11:13:06.398316895
page_view;quiz_styles;d5bca4c6324a43e1867c2e9a36575fb3;2025-01-29;2025-01-29 11:13:37.212016112
page_view;quiz_prices;d5bca4c6324a43e1867c2e9a36575fb3;2025-01-29;2025-01-29 11:14:24.334193115
page_view;quiz_avoid;d5bca4c6324a43e1867c2e9a36575fb3;2025-01-29;2025-01-29 11:14:38.919200928
page_view;quiz_footwear;d5bca4c6324a43e1867c2e9a36575fb3;2025-01-29;2025-01-29 11:15:05.746476074
page_view;quiz_you;d5bca4c6324a43e1867c2e9a36575fb3;2025-01-29;2025-01-29 11:15:59.401068115
page_view;quiz_photos;d5bca4c6324a43e1867c2e9a36575fb3;2025-01-29;2025-01-29 11:16:57.555279053
page_view;quiz_social;d5bca4c6324a43e1867c2e9a36575fb3;2025-01-29;2025-01-29 11:52:17.780805908
page_view;quiz_signUp;d5bca4c6324a43e1867c2e9a36575fb3;2025-01-29;2025-01-29 11:52:28.698509032
page_view;quiz_signUp;d5bca4c6324a43e1867c2e9a36575fb3;2025-01-29;2025-01-29 11:53:42.851312988
page_view;quiz_leisure;d5bca4c6324a43e1867c2e9a36575fb3;2025-02-09;2025-02-09 08:18:54.044489990
page_view;quiz_work;e0916cdf04854e68843f08688da90679;2025-01-29;2025-01-29 16:16:26.590061035
page_view;quiz_fit;e0916cdf04854e68843f08688da90679;2025-01-29;2025-01-29 16:16:35.864513916
page_view;quiz_highlight;e0916cdf04854e68843f08688da90679;2025-01-29;2025-01-29 16:16:54.085467041
page_view;quiz_bodyShape;e0916cdf04854e68843f08688da90679;2025-01-29;2025-01-29 16:17:08.157936035
page_view;quiz_highlight;e0916cdf04854e68843f08688da90679;2025-01-29;2025-01-29 16:18:09.667495117
page_view;quiz_bodyShape;e0916cdf04854e68843f08688da90679;2025-01-29;2025-01-29 16:18:09.668225098
page_view;quiz_eyes;e0916cdf04854e68843f08688da90679;2025-01-29;2025-01-29 16:18:35.254191895
page_view;quiz_hair;e0916cdf04854e68843f08688da90679;2025-01-29;2025-01-29 16:18:43.552199951
page_view;quiz_sizes;e0916cdf04854e68843f08688da90679;2025-01-29;2025-01-29 16:18:43.552199951
page_view;quiz_measurements;e0916cdf04854e68843f08688da90679;2025-01-29;2025-01-29 16:19:05.311058105
page_view;quiz_focus;e0916cdf04854e68843f08688da90679;2025-01-29;2025-01-29 16:19:12.357153076
page_view;quiz_adventurous;e0916cdf04854e68843f08688da90679;2025-01-29;2025-01-29 16:19:26.747045898
page_view;quiz_styles;e0916cdf04854e68843f08688da90679;2025-01-29;2025-01-29 16:20:44.389863037
page_view;quiz_prices;e0916cdf04854e68843f08688da90679;2025-01-29;2025-01-29 16:21:52.447351074
page_view;quiz_avoid;e0916cdf04854e68843f08688da90679;2025-01-29;2025-01-29 16:22:19.884048096
page_view;quiz_you;e0916cdf04854e68843f08688da90679;2025-01-29;2025-01-29 16:22:37.906071045
page_view;quiz_photos;e0916cdf04854e68843f08688da90679;2025-01-29;2025-01-29 16:22:52.376770020
page_view;quiz_social;e0916cdf04854e68843f08688da90679;2025-01-29;2025-01-29 16:23:06.767412109
page_view;quiz_signUp;e0916cdf04854e68843f08688da90679;2025-01-29;2025-01-29 16:23:06.767412109
page_view;quiz_signUp;e432e779505341e4a3827c7a71273b49;2025-02-13;2025-02-13 17:06:41.723831055
page_view;quiz_work;e432e779505341e4a3827c7a71273b49;2025-02-13;2025-02-13 17:13:47.875716064
page_view;quiz_fit;e432e779505341e4a3827c7a71273b49;2025-02-13;2025-02-13 17:13:54.523145996
page_view;quiz_highlight;e432e779505341e4a3827c7a71273b49;2025-02-13;2025-02-13 17:14:48.280167969
page_view;quiz_bodyShape;e432e779505341e4a3827c7a71273b49;2025-02-13;2025-02-13 17:15:13.820815918
page_view;quiz_eyes;e432e779505341e4a3827c7a71273b49;2025-02-13;2025-02-13 17:16:16.306134033
page_view;quiz_hair;e432e779505341e4a3827c7a71273b49;2025-02-13;2025-02-13 17:16:37.270118896
page_view;quiz_sizes;e432e779505341e4a3827c7a71273b49;2025-02-13;2025-02-13 17:16:42.522186035
page_view;quiz_measurements;e432e779505341e4a3827c7a71273b49;2025-02-13;2025-02-13 17:17:08.752383057
page_view;quiz_focus;e432e779505341e4a3827c7a71273b49;2025-02-13;2025-02-13 17:17:15.110572998
page_view;quiz_adventurous;e432e779505341e4a3827c7a71273b49;2025-02-13;2025-02-13 17:17:39.435919922
page_view;quiz_styles;e432e779505341e4a3827c7a71273b49;2025-02-13;2025-02-13 17:20:47.287625977
page_view;quiz_prices;e432e779505341e4a3827c7a71273b49;2025-02-13;2025-02-13 17:23:47.415023926
page_view;quiz_avoid;e432e779505341e4a3827c7a71273b49;2025-02-13;2025-02-13 17:25:05.869590088
page_view;quiz_footwear;e432e779505341e4a3827c7a71273b49;2025-02-13;2025-02-13 17:25:25.686563965
page_view;quiz_you;e432e779505341e4a3827c7a71273b49;2025-02-13;2025-02-13 17:26:21.702827881
page_view;quiz_photos;e432e779505341e4a3827c7a71273b49;2025-02-13;2025-02-13 17:26:59.996314941
page_view;quiz_social;e432e779505341e4a3827c7a71273b49;2025-02-13;2025-02-13 17:27:08.660477051
page_view;quiz_signUp;e432e779505341e4a3827c7a71273b49;2025-02-13;2025-02-13 17:27:17.722145020
page_view;quiz_work;e50008d80c384144b6d288d4652ea613;2025-01-21;2025-01-21 07:51:30.509884033
page_view;quiz_fit;e50008d80c384144b6d288d4652ea613;2025-01-21;2025-01-21 07:51:35.289614014
page_view;quiz_highlight;e50008d80c384144b6d288d4652ea613;2025-01-21;2025-01-21 07:52:00.380042969
page_view;quiz_bodyShape;e50008d80c384144b6d288d4652ea613;2025-01-21;2025-01-21 07:53:15.582287109
page_view;quiz_eyes;e50008d80c384144b6d288d4652ea613;2025-01-21;2025-01-21 07:53:49.359087891
page_view;quiz_hair;e50008d80c384144b6d288d4652ea613;2025-01-21;2025-01-21 07:54:04.480742920
page_view;quiz_sizes;e50008d80c384144b6d288d4652ea613;2025-01-21;2025-01-21 07:54:15.925650879
page_view;quiz_measurements;e50008d80c384144b6d288d4652ea613;2025-01-21;2025-01-21 07:54:33.383952881
page_view;quiz_focus;e50008d80c384144b6d288d4652ea613;2025-01-21;2025-01-21 07:54:48.902339111
page_view;quiz_adventurous;e50008d80c384144b6d288d4652ea613;2025-01-21;2025-01-21 07:55:15.006793945
page_view;quiz_styles;e50008d80c384144b6d288d4652ea613;2025-01-21;2025-01-21 07:55:37.002040039
page_view;quiz_prices;e50008d80c384144b6d288d4652ea613;2025-01-21;2025-01-21 08:03:55.877834961
page_view;quiz_avoid;e50008d80c384144b6d288d4652ea613;2025-01-21;2025-01-21 08:04:06.470266113
page_view;quiz_footwear;e50008d80c384144b6d288d4652ea613;2025-01-21;2025-01-21 08:04:30.271863037
page_view;quiz_you;e50008d80c384144b6d288d4652ea613;2025-01-21;2025-01-21 08:28:21.319071045
page_view;quiz_photos;e50008d80c384144b6d288d4652ea613;2025-01-21;2025-01-21 08:29:50.678406982
page_view;quiz_social;e50008d80c384144b6d288d4652ea613;2025-01-21;2025-01-21 08:31:19.907599121
page_view;quiz_signUp;e50008d80c384144b6d288d4652ea613;2025-01-21;2025-01-21 08:31:30.714714111
page_view;quiz_leisure;e85412d483e94ad5a8a30eca6f3f05be;2025-01-20;2025-01-20 12:14:01.306013916
page_view;quiz_work;e85412d483e94ad5a8a30eca6f3f05be;2025-01-20;2025-01-20 12:14:12.085591064
page_view;quiz_fit;e85412d483e94ad5a8a30eca6f3f05be;2025-01-20;2025-01-20 12:14:24.055449951
page_view;quiz_highlight;e85412d483e94ad5a8a30eca6f3f05be;2025-01-20;2025-01-20 12:14:40.849420898
page_view;quiz_bodyShape;e85412d483e94ad5a8a30eca6f3f05be;2025-01-20;2025-01-20 12:14:51.975864014
page_view;quiz_eyes;e85412d483e94ad5a8a30eca6f3f05be;2025-01-20;2025-01-20 12:16:08.927947021
page_view;quiz_hair;e85412d483e94ad5a8a30eca6f3f05be;2025-01-20;2025-01-20 12:16:17.933240967
page_view;quiz_sizes;e85412d483e94ad5a8a30eca6f3f05be;2025-01-20;2025-01-20 12:16:24.727315918
page_view;quiz_measurements;e85412d483e94ad5a8a30eca6f3f05be;2025-01-20;2025-01-20 12:16:43.971887939
page_view;quiz_focus;e85412d483e94ad5a8a30eca6f3f05be;2025-01-20;2025-01-20 12:16:51.171085938
page_view;quiz_adventurous;e85412d483e94ad5a8a30eca6f3f05be;2025-01-20;2025-01-20 12:17:06.090683105
page_view;quiz_styles;e85412d483e94ad5a8a30eca6f3f05be;2025-01-20;2025-01-20 12:17:29.187071045
page_view;quiz_prices;e85412d483e94ad5a8a30eca6f3f05be;2025-01-20;2025-01-20 12:18:32.560254883
page_view;quiz_avoid;e85412d483e94ad5a8a30eca6f3f05be;2025-01-20;2025-01-20 12:18:32.564956055
page_view;quiz_footwear;e85412d483e94ad5a8a30eca6f3f05be;2025-01-20;2025-01-20 12:18:45.803732910
page_view;quiz_you;e85412d483e94ad5a8a30eca6f3f05be;2025-01-20;2025-01-20 12:19:03.046233887
page_view;quiz_photos;e85412d483e94ad5a8a30eca6f3f05be;2025-01-20;2025-01-20 12:19:28.570802002
page_view;quiz_social;e85412d483e94ad5a8a30eca6f3f05be;2025-01-20;2025-01-20 12:40:51.993899902
page_view;quiz_signUp;e85412d483e94ad5a8a30eca6f3f05be;2025-01-20;2025-01-20 12:41:00.918354004
page_view;quiz_work;e9e6c08704864b8b84897ecfbae1921b;2025-01-31;2025-01-31 19:09:11.199437988
page_view;quiz_fit;e9e6c08704864b8b84897ecfbae1921b;2025-01-31;2025-01-31 19:09:29.506055908
page_view;quiz_highlight;e9e6c08704864b8b84897ecfbae1921b;2025-01-31;2025-01-31 19:11:30.683645996
page_view;quiz_bodyShape;e9e6c08704864b8b84897ecfbae1921b;2025-01-31;2025-01-31 19:13:06.788105957
page_view;quiz_eyes;e9e6c08704864b8b84897ecfbae1921b;2025-01-31;2025-01-31 19:13:50.525708008
page_view;quiz_hair;e9e6c08704864b8b84897ecfbae1921b;2025-01-31;2025-01-31 19:14:23.959985107
page_view;quiz_sizes;e9e6c08704864b8b84897ecfbae1921b;2025-01-31;2025-01-31 19:15:13.976451904
page_view;quiz_measurements;e9e6c08704864b8b84897ecfbae1921b;2025-01-31;2025-01-31 22:12:12.787398926
page_view;quiz_measurements;e9e6c08704864b8b84897ecfbae1921b;2025-02-01;2025-01-31 23:24:49.175931885
page_view;quiz_focus;e9e6c08704864b8b84897ecfbae1921b;2025-02-01;2025-01-31 23:28:16.505603027
page_view;quiz_adventurous;e9e6c08704864b8b84897ecfbae1921b;2025-02-01;2025-01-31 23:29:00.647779053
page_view;quiz_styles;e9e6c08704864b8b84897ecfbae1921b;2025-02-01;2025-01-31 23:29:32.767103027
page_view;quiz_prices;e9e6c08704864b8b84897ecfbae1921b;2025-02-01;2025-01-31 23:31:27.628184082
page_view;quiz_avoid;e9e6c08704864b8b84897ecfbae1921b;2025-02-01;2025-01-31 23:31:46.456635010
page_view;quiz_footwear;e9e6c08704864b8b84897ecfbae1921b;2025-02-01;2025-01-31 23:32:22.621990967
page_view;quiz_you;e9e6c08704864b8b84897ecfbae1921b;2025-02-01;2025-01-31 23:34:13.490178955
page_view;quiz_photos;e9e6c08704864b8b84897ecfbae1921b;2025-02-01;2025-01-31 23:34:37.834899902
page_view;quiz_social;e9e6c08704864b8b84897ecfbae1921b;2025-02-01;2025-01-31 23:37:52.538251952
page_view;quiz_signUp;e9e6c08704864b8b84897ecfbae1921b;2025-02-01;2025-01-31 23:38:10.846385010
page_view;quiz_work;ea60312b25f547a08ac74fe0c2064f3e;2025-01-31;2025-01-31 21:01:17.451979004
page_view;quiz_fit;ea60312b25f547a08ac74fe0c2064f3e;2025-01-31;2025-01-31 21:01:28.295918945
page_view;quiz_highlight;ea60312b25f547a08ac74fe0c2064f3e;2025-01-31;2025-01-31 21:01:47.590562012
page_view;quiz_bodyShape;ea60312b25f547a08ac74fe0c2064f3e;2025-01-31;2025-01-31 21:02:08.284700928
page_view;quiz_eyes;ea60312b25f547a08ac74fe0c2064f3e;2025-01-31;2025-01-31 21:02:24.207384033
page_view;quiz_hair;ea60312b25f547a08ac74fe0c2064f3e;2025-01-31;2025-01-31 21:02:35.715415039
page_view;quiz_sizes;ea60312b25f547a08ac74fe0c2064f3e;2025-01-31;2025-01-31 21:02:44.832502930
page_view;quiz_measurements;ea60312b25f547a08ac74fe0c2064f3e;2025-01-31;2025-01-31 21:03:04.470739990
page_view;quiz_measurements;ea60312b25f547a08ac74fe0c2064f3e;2025-01-31;2025-01-31 21:03:36.908899902
page_view;quiz_focus;ea60312b25f547a08ac74fe0c2064f3e;2025-01-31;2025-01-31 21:04:13.020685059
page_view;quiz_adventurous;ea60312b25f547a08ac74fe0c2064f3e;2025-01-31;2025-01-31 21:04:35.393053955
page_view;quiz_styles;ea60312b25f547a08ac74fe0c2064f3e;2025-01-31;2025-01-31 21:05:45.511447998
page_view;quiz_styles;ea60312b25f547a08ac74fe0c2064f3e;2025-01-31;2025-01-31 21:06:29.298202881
page_view;quiz_prices;ea60312b25f547a08ac74fe0c2064f3e;2025-01-31;2025-01-31 21:06:58.921728027
page_view;quiz_avoid;ea60312b25f547a08ac74fe0c2064f3e;2025-01-31;2025-01-31 21:07:10.949699951
page_view;quiz_footwear;ea60312b25f547a08ac74fe0c2064f3e;2025-01-31;2025-01-31 21:07:59.213835938
page_view;quiz_you;ea60312b25f547a08ac74fe0c2064f3e;2025-01-31;2025-01-31 21:08:19.011048096
page_view;quiz_photos;ea60312b25f547a08ac74fe0c2064f3e;2025-01-31;2025-01-31 21:08:51.278905029
page_view;quiz_social;ea60312b25f547a08ac74fe0c2064f3e;2025-01-31;2025-01-31 21:09:02.158205078
page_view;quiz_signUp;ea60312b25f547a08ac74fe0c2064f3e;2025-01-31;2025-01-31 21:09:02.158205078
page_view;quiz_leisure;ea60312b25f547a08ac74fe0c2064f3e;2025-02-02;2025-02-02 10:19:42.832293945
page_view;quiz_work;ea60312b25f547a08ac74fe0c2064f3e;2025-02-02;2025-02-02 10:19:42.832293945
page_view;quiz_fit;ea60312b25f547a08ac74fe0c2064f3e;2025-02-02;2025-02-02 10:19:51.849573975
page_view;quiz_highlight;ea60312b25f547a08ac74fe0c2064f3e;2025-02-02;2025-02-02 10:19:51.849573975
page_view;quiz_bodyShape;ea60312b25f547a08ac74fe0c2064f3e;2025-02-02;2025-02-02 10:20:13.776767090
page_view;quiz_eyes;ea60312b25f547a08ac74fe0c2064f3e;2025-02-02;2025-02-02 10:20:35.527482910
page_view;quiz_hair;ea60312b25f547a08ac74fe0c2064f3e;2025-02-02;2025-02-02 10:20:44.685592041
page_view;quiz_sizes;ea60312b25f547a08ac74fe0c2064f3e;2025-02-02;2025-02-02 10:20:44.685592041
page_view;quiz_hair;ea60312b25f547a08ac74fe0c2064f3e;2025-02-02;2025-02-02 10:20:56.896211914
page_view;quiz_sizes;ea60312b25f547a08ac74fe0c2064f3e;2025-02-02;2025-02-02 10:21:02.789227051
page_view;quiz_measurements;ea60312b25f547a08ac74fe0c2064f3e;2025-02-02;2025-02-02 10:21:17.815250977
page_view;quiz_focus;ea60312b25f547a08ac74fe0c2064f3e;2025-02-02;2025-02-02 10:21:28.097897949
page_view;quiz_adventurous;ea60312b25f547a08ac74fe0c2064f3e;2025-02-02;2025-02-02 10:21:38.755475098
page_view;quiz_styles;ea60312b25f547a08ac74fe0c2064f3e;2025-02-02;2025-02-02 10:21:53.803964111
page_view;quiz_prices;ea60312b25f547a08ac74fe0c2064f3e;2025-02-02;2025-02-02 10:22:09.269604004
page_view;quiz_avoid;ea60312b25f547a08ac74fe0c2064f3e;2025-02-02;2025-02-02 10:22:21.521835938
page_view;quiz_footwear;ea60312b25f547a08ac74fe0c2064f3e;2025-02-02;2025-02-02 10:22:38.393523926
page_view;quiz_you;ea60312b25f547a08ac74fe0c2064f3e;2025-02-02;2025-02-02 10:22:48.033947021
page_view;quiz_photos;ea60312b25f547a08ac74fe0c2064f3e;2025-02-02;2025-02-02 10:23:11.592985107
page_view;quiz_social;ea60312b25f547a08ac74fe0c2064f3e;2025-02-02;2025-02-02 10:23:11.592985107
page_view;quiz_signUp;ea60312b25f547a08ac74fe0c2064f3e;2025-02-02;2025-02-02 10:23:25.070972900
page_view;quiz_leisure;ebc8a6cf256b447485bcae138f78d6aa;2025-01-21;2025-01-21 20:17:20.098374023
page_view;quiz_work;ebc8a6cf256b447485bcae138f78d6aa;2025-01-21;2025-01-21 20:17:27.818106934
page_view;quiz_fit;ebc8a6cf256b447485bcae138f78d6aa;2025-01-21;2025-01-21 20:17:34.478927002
page_view;quiz_highlight;ebc8a6cf256b447485bcae138f78d6aa;2025-01-21;2025-01-21 20:17:38.590497070
page_view;quiz_bodyShape;ebc8a6cf256b447485bcae138f78d6aa;2025-01-21;2025-01-21 20:17:59.488240967
page_view;quiz_eyes;ebc8a6cf256b447485bcae138f78d6aa;2025-01-21;2025-01-21 20:18:22.211121094
page_view;quiz_hair;ebc8a6cf256b447485bcae138f78d6aa;2025-01-21;2025-01-21 20:18:29.416943115
page_view;quiz_sizes;ebc8a6cf256b447485bcae138f78d6aa;2025-01-21;2025-01-21 20:18:35.273626953
page_view;quiz_measurements;ebc8a6cf256b447485bcae138f78d6aa;2025-01-21;2025-01-21 20:18:55.193620117
page_view;quiz_focus;ebc8a6cf256b447485bcae138f78d6aa;2025-01-21;2025-01-21 20:19:11.296458008
page_view;quiz_adventurous;ebc8a6cf256b447485bcae138f78d6aa;2025-01-21;2025-01-21 20:19:26.485815918
page_view;quiz_styles;ebc8a6cf256b447485bcae138f78d6aa;2025-01-21;2025-01-21 20:19:52.569313965
page_view;quiz_prices;ebc8a6cf256b447485bcae138f78d6aa;2025-01-21;2025-01-21 20:20:10.412055908
page_view;quiz_styles;ebc8a6cf256b447485bcae138f78d6aa;2025-01-21;2025-01-21 20:20:22.290210938
page_view;quiz_prices;ebc8a6cf256b447485bcae138f78d6aa;2025-01-21;2025-01-21 20:20:28.526165039
page_view;quiz_avoid;ebc8a6cf256b447485bcae138f78d6aa;2025-01-21;2025-01-21 20:20:34.473593994
page_view;quiz_footwear;ebc8a6cf256b447485bcae138f78d6aa;2025-01-21;2025-01-21 20:20:51.579698975
page_view;quiz_you;ebc8a6cf256b447485bcae138f78d6aa;2025-01-21;2025-01-21 20:21:12.226324951
page_view;quiz_photos;ebc8a6cf256b447485bcae138f78d6aa;2025-01-21;2025-01-21 20:21:35.126068115
page_view;quiz_social;ebc8a6cf256b447485bcae138f78d6aa;2025-01-21;2025-01-21 20:28:05.130125977
page_view;quiz_signUp;ebc8a6cf256b447485bcae138f78d6aa;2025-01-21;2025-01-21 20:28:21.191468994
page_view;quiz_work;efd6b8acef904c8085d7a0426a689bfb;2025-02-22;2025-02-22 10:37:19.932785889
page_view;quiz_fit;efd6b8acef904c8085d7a0426a689bfb;2025-02-22;2025-02-22 10:37:25.588922119
page_view;quiz_work;efd6b8acef904c8085d7a0426a689bfb;2025-02-22;2025-02-22 10:37:25.588922119
page_view;quiz_work;f220a4ac51cd42bfb73714a4edd45b9e;2025-02-17;2025-02-17 14:37:57.529448975
page_view;quiz_fit;f220a4ac51cd42bfb73714a4edd45b9e;2025-02-17;2025-02-17 14:38:02.332190918
page_view;quiz_highlight;f220a4ac51cd42bfb73714a4edd45b9e;2025-02-17;2025-02-17 14:38:27.958594971
page_view;quiz_bodyShape;f220a4ac51cd42bfb73714a4edd45b9e;2025-02-17;2025-02-17 14:39:20.709238037
page_view;quiz_eyes;f220a4ac51cd42bfb73714a4edd45b9e;2025-02-17;2025-02-17 14:40:21.806792969
page_view;quiz_hair;f220a4ac51cd42bfb73714a4edd45b9e;2025-02-17;2025-02-17 14:40:49.120310059
page_view;quiz_sizes;f220a4ac51cd42bfb73714a4edd45b9e;2025-02-17;2025-02-17 14:40:57.365667969
page_view;quiz_measurements;f220a4ac51cd42bfb73714a4edd45b9e;2025-02-17;2025-02-17 14:42:20.630354980
page_view;quiz_focus;f220a4ac51cd42bfb73714a4edd45b9e;2025-02-17;2025-02-17 14:42:37.459877930
page_view;quiz_adventurous;f220a4ac51cd42bfb73714a4edd45b9e;2025-02-17;2025-02-17 14:42:54.103212891
page_view;quiz_styles;f220a4ac51cd42bfb73714a4edd45b9e;2025-02-17;2025-02-17 14:44:00.049029053
page_view;quiz_prices;f220a4ac51cd42bfb73714a4edd45b9e;2025-02-17;2025-02-17 14:45:00.929351074
page_view;quiz_avoid;f220a4ac51cd42bfb73714a4edd45b9e;2025-02-17;2025-02-17 14:45:10.380620117
page_view;quiz_you;f220a4ac51cd42bfb73714a4edd45b9e;2025-02-17;2025-02-17 14:46:03.246185059
page_view;quiz_photos;f220a4ac51cd42bfb73714a4edd45b9e;2025-02-17;2025-02-17 14:46:20.000310059
page_view;quiz_social;f220a4ac51cd42bfb73714a4edd45b9e;2025-02-17;2025-02-17 14:46:36.111185059
page_view;quiz_signUp;f220a4ac51cd42bfb73714a4edd45b9e;2025-02-17;2025-02-17 14:46:46.263491943
page_view;quiz_work;fbf7e066b16c42efbdf59654a69a1a3a;2025-02-16;2025-02-16 22:18:53.150301025
page_view;quiz_fit;fbf7e066b16c42efbdf59654a69a1a3a;2025-02-16;2025-02-16 22:19:01.500487061
page_view;quiz_highlight;fbf7e066b16c42efbdf59654a69a1a3a;2025-02-16;2025-02-16 22:19:14.204523926
page_view;quiz_bodyShape;fbf7e066b16c42efbdf59654a69a1a3a;2025-02-16;2025-02-16 22:19:33.271708008
page_view;quiz_eyes;fbf7e066b16c42efbdf59654a69a1a3a;2025-02-16;2025-02-16 22:20:31.024497070
page_view;quiz_hair;fbf7e066b16c42efbdf59654a69a1a3a;2025-02-16;2025-02-16 22:20:35.555295898
page_view;quiz_sizes;fbf7e066b16c42efbdf59654a69a1a3a;2025-02-16;2025-02-16 22:20:35.556050049
page_view;quiz_measurements;fbf7e066b16c42efbdf59654a69a1a3a;2025-02-16;2025-02-16 22:21:10.004382080
page_view;quiz_focus;fbf7e066b16c42efbdf59654a69a1a3a;2025-02-16;2025-02-16 22:22:30.015420898
page_view;quiz_adventurous;fbf7e066b16c42efbdf59654a69a1a3a;2025-02-16;2025-02-16 22:22:53.704968994
page_view;quiz_styles;fbf7e066b16c42efbdf59654a69a1a3a;2025-02-16;2025-02-16 22:23:20.924139893
page_view;quiz_prices;fbf7e066b16c42efbdf59654a69a1a3a;2025-02-16;2025-02-16 22:24:48.062636963
page_view;quiz_avoid;fbf7e066b16c42efbdf59654a69a1a3a;2025-02-16;2025-02-16 22:24:58.102430908
page_view;quiz_footwear;fbf7e066b16c42efbdf59654a69a1a3a;2025-02-16;2025-02-16 22:25:10.604406006
page_view;quiz_you;fbf7e066b16c42efbdf59654a69a1a3a;2025-02-16;2025-02-16 22:25:42.532907959
page_view;quiz_photos;fbf7e066b16c42efbdf59654a69a1a3a;2025-02-16;2025-02-16 22:25:52.635781982
page_view;quiz_social;fbf7e066b16c42efbdf59654a69a1a3a;2025-02-16;2025-02-16 22:27:43.125448975
page_view;quiz_signUp;fbf7e066b16c42efbdf59654a69a1a3a;2025-02-16;2025-02-16 22:27:54.884326904
